{
"type": "FeatureCollection",
"name": "multipolygons",
"crs": { "type": "name", "properties": { "name": "urn:ogc:def:crs:OGC:1.3:CRS84" } },
"features": [
{ "type": "Feature", "properties": { "osm_way_id": "29171977", "leisure": "park", "other_tags": "\"layer\"=>\"-1\"" }, "geometry": { "type": "MultiPolygon", "coordinates": [ [ [ [ 75.8018781, 26.8849477 ], [ 75.8033716, 26.8843888 ], [ 75.8027193, 26.8818242 ], [ 75.8010125, 26.8822078 ], [ 75.8006351, 26.8822602 ], [ 75.8008925, 26.8828095 ], [ 75.8018781, 26.8849477 ] ] ] ] } },
{ "type": "Feature", "properties": { "osm_way_id": "82111286", "name": "Subash Nagar Park", "leisure": "park" }, "geometry": { "type": "MultiPolygon", "coordinates": [ [ [ [ 75.7973279, 26.9378526 ], [ 75.7966956, 26.9373845 ], [ 75.7974311, 26.9365948 ], [ 75.7980634, 26.9370629 ], [ 75.797901, 26.9372373 ], [ 75.7973279, 26.9378526 ] ] ] ] } },
{ "type": "Feature", "properties": { "osm_way_id": "91603112", "natural": "scrub" }, "geometry": { "type": "MultiPolygon", "coordinates": [ [ [ [ 75.843745, 26.983342 ], [ 75.8428868, 26.982558 ], [ 75.8433801, 26.9815228 ], [ 75.8433793, 26.9809831 ], [ 75.8427929, 26.9801596 ], [ 75.8431725, 26.9798093 ], [ 75.8438252, 26.9795517 ], [ 75.8440239, 26.9795273 ], [ 75.844212, 26.9795581 ], [ 75.8444033, 26.9797956 ], [ 75.8445974, 26.9801823 ], [ 75.8448924, 26.9802873 ], [ 75.8450429, 26.9805723 ], [ 75.8448861, 26.9806785 ], [ 75.8452498, 26.9809412 ], [ 75.8455243, 26.9814691 ], [ 75.8460634, 26.9815358 ], [ 75.8462762, 26.9817966 ], [ 75.8459658, 26.9824605 ], [ 75.8465068, 26.9826817 ], [ 75.8469466, 26.9825056 ], [ 75.8475234, 26.9824926 ], [ 75.8477368, 26.9821815 ], [ 75.8480172, 26.9821466 ], [ 75.8482629, 26.9821827 ], [ 75.8481192, 26.9827976 ], [ 75.8484781, 26.9831433 ], [ 75.8487888, 26.9833953 ], [ 75.849077, 26.9831542 ], [ 75.849414, 26.9831503 ], [ 75.8497887, 26.9835034 ], [ 75.8504834, 26.9837067 ], [ 75.8510066, 26.9839358 ], [ 75.8517782, 26.9839674 ], [ 75.8510155, 26.9825607 ], [ 75.8505987, 26.9816914 ], [ 75.8503593, 26.9807905 ], [ 75.8503177, 26.9800088 ], [ 75.8506881, 26.9798224 ], [ 75.8511272, 26.9797308 ], [ 75.8526953, 26.9795705 ], [ 75.8526885, 26.9802527 ], [ 75.852701, 26.9806942 ], [ 75.8527825, 26.9812809 ], [ 75.8530054, 26.9819965 ], [ 75.853303, 26.9827674 ], [ 75.8539657, 26.9841023 ], [ 75.854206, 26.984958 ], [ 75.854788, 26.9859312 ], [ 75.8551215, 26.9867909 ], [ 75.8558928, 26.9865114 ], [ 75.856683, 26.9874335 ], [ 75.8572011, 26.9868311 ], [ 75.8583955, 26.9837447 ], [ 75.8585149, 26.9797003 ], [ 75.8585188, 26.9754532 ], [ 75.8609467, 26.9756838 ], [ 75.8636505, 26.9760814 ], [ 75.8653225, 26.9728883 ], [ 75.8660391, 26.9690564 ], [ 75.8648448, 26.9629889 ], [ 75.8629339, 26.9574534 ], [ 75.8588732, 26.9525564 ], [ 75.8570817, 26.9523435 ], [ 75.8570817, 26.9553243 ], [ 75.8569623, 26.9601147 ], [ 75.8552902, 26.9622438 ], [ 75.8524239, 26.9617115 ], [ 75.8503935, 26.9623502 ], [ 75.8495575, 26.9654372 ], [ 75.8502741, 26.9683113 ], [ 75.8511101, 26.9694822 ], [ 75.8490798, 26.9700144 ], [ 75.8481243, 26.9679919 ], [ 75.8464523, 26.9651179 ], [ 75.8455681, 26.9637681 ], [ 75.8451385, 26.9622438 ], [ 75.8433471, 26.961818 ], [ 75.840839, 26.9612857 ], [ 75.8392864, 26.9578792 ], [ 75.8367783, 26.9551114 ], [ 75.8377338, 26.9521305 ], [ 75.8365394, 26.9506401 ], [ 75.8347802, 26.9485743 ], [ 75.8351612, 26.9483522 ], [ 75.8342524, 26.9468435 ], [ 75.8333546, 26.9472971 ], [ 75.8329952, 26.9468813 ], [ 75.8324714, 26.9466041 ], [ 75.8315667, 26.9450739 ], [ 75.8274202, 26.9429899 ], [ 75.8231245, 26.9409087 ], [ 75.8190157, 26.9393269 ], [ 75.8161208, 26.9360801 ], [ 75.8121986, 26.9344983 ], [ 75.8115449, 26.933416 ], [ 75.8099574, 26.9344983 ], [ 75.810331, 26.9376619 ], [ 75.8124788, 26.9394102 ], [ 75.8132259, 26.9404092 ], [ 75.8120119, 26.9423239 ], [ 75.8100508, 26.9448213 ], [ 75.8089302, 26.9496495 ], [ 75.8108913, 26.9541445 ], [ 75.8094905, 26.9570579 ], [ 75.8072493, 26.9583897 ], [ 75.804261, 26.9598047 ], [ 75.8032338, 26.9626346 ], [ 75.799872, 26.9611364 ], [ 75.7969291, 26.9605731 ], [ 75.7947291, 26.9619688 ], [ 75.7925608, 26.9650307 ], [ 75.790627, 26.9746196 ], [ 75.797444, 26.9757015 ], [ 75.7974897, 26.975953 ], [ 75.7982361, 26.9800631 ], [ 75.800619, 26.9819431 ], [ 75.7984933, 26.9842248 ], [ 75.7929934, 26.982804 ], [ 75.788379, 26.9826525 ], [ 75.7877631, 26.9810931 ], [ 75.7869558, 26.9811103 ], [ 75.7864376, 26.9816199 ], [ 75.7870277, 26.9833954 ], [ 75.7882422, 26.985721 ], [ 75.7890527, 26.9865758 ], [ 75.7893762, 26.9875978 ], [ 75.7910445, 26.9886729 ], [ 75.7928615, 26.9890983 ], [ 75.7939284, 26.9896294 ], [ 75.7939755, 26.9896034 ], [ 75.7947359, 26.9891829 ], [ 75.7995292, 26.9915668 ], [ 75.8016621, 26.9926276 ], [ 75.8027669, 26.9931771 ], [ 75.8045412, 26.9956734 ], [ 75.8056618, 27.000333 ], [ 75.8046345, 27.0017475 ], [ 75.8061999, 27.0043173 ], [ 75.8082765, 27.008986 ], [ 75.8149068, 27.0128963 ], [ 75.8179884, 27.0132291 ], [ 75.8189223, 27.0105668 ], [ 75.8220973, 27.0099844 ], [ 75.8245253, 27.0112324 ], [ 75.8272334, 27.0120643 ], [ 75.8283079, 27.0109598 ], [ 75.8284474, 27.0108164 ], [ 75.8312489, 27.0100676 ], [ 75.8353578, 27.008986 ], [ 75.8364784, 27.0070724 ], [ 75.8376924, 27.0057412 ], [ 75.8386263, 27.0062404 ], [ 75.8381593, 27.0084036 ], [ 75.836852, 27.0099012 ], [ 75.835638, 27.0113987 ], [ 75.8330232, 27.0131459 ], [ 75.8315291, 27.0127299 ], [ 75.8304085, 27.0118147 ], [ 75.828821, 27.0128131 ], [ 75.8286342, 27.014477 ], [ 75.8301283, 27.0171392 ], [ 75.8314357, 27.0194686 ], [ 75.8808958, 27.0199559 ], [ 75.8804267, 27.0183177 ], [ 75.8801036, 27.0170824 ], [ 75.8799387, 27.0171378 ], [ 75.8797825, 27.0167471 ], [ 75.8789375, 27.0161094 ], [ 75.8785616, 27.0156813 ], [ 75.8779364, 27.0148034 ], [ 75.8774002, 27.0134846 ], [ 75.8772256, 27.0125299 ], [ 75.8771635, 27.012829 ], [ 75.8767823, 27.0137529 ], [ 75.8761012, 27.0140336 ], [ 75.8751511, 27.0141425 ], [ 75.8745536, 27.0146693 ], [ 75.874071, 27.014925 ], [ 75.8736454, 27.0149329 ], [ 75.8735856, 27.0145987 ], [ 75.8719349, 27.0149191 ], [ 75.8709797, 27.0147859 ], [ 75.8701048, 27.0150516 ], [ 75.8698247, 27.0152958 ], [ 75.8698547, 27.0158094 ], [ 75.8696686, 27.0163256 ], [ 75.8694791, 27.0165076 ], [ 75.8682056, 27.0161299 ], [ 75.8678933, 27.0163111 ], [ 75.868305, 27.0171136 ], [ 75.8685181, 27.0175289 ], [ 75.8673616, 27.0179557 ], [ 75.8665699, 27.0180609 ], [ 75.8656029, 27.0184876 ], [ 75.8638365, 27.0179697 ], [ 75.8625903, 27.0166882 ], [ 75.8625572, 27.0166503 ], [ 75.8619183, 27.0159201 ], [ 75.8620338, 27.0150168 ], [ 75.8627305, 27.0147292 ], [ 75.864339, 27.0143542 ], [ 75.8649416, 27.0149047 ], [ 75.8661144, 27.015372 ], [ 75.8665485, 27.0157967 ], [ 75.8669289, 27.0159717 ], [ 75.8670121, 27.0160078 ], [ 75.8672733, 27.0160221 ], [ 75.8675792, 27.0159307 ], [ 75.8682761, 27.0159891 ], [ 75.8684783, 27.0160666 ], [ 75.8691256, 27.016274 ], [ 75.8694709, 27.0162775 ], [ 75.8696991, 27.0157549 ], [ 75.869554, 27.0153403 ], [ 75.8697792, 27.0148779 ], [ 75.8707709, 27.0145689 ], [ 75.8720972, 27.014777 ], [ 75.8729463, 27.0146117 ], [ 75.8737194, 27.0143976 ], [ 75.8742198, 27.0141793 ], [ 75.8742353, 27.0140133 ], [ 75.8737761, 27.0134652 ], [ 75.8740226, 27.0131409 ], [ 75.8749016, 27.0129293 ], [ 75.8750004, 27.0134488 ], [ 75.8749872, 27.0137235 ], [ 75.8751852, 27.0139901 ], [ 75.8756417, 27.0139239 ], [ 75.8761017, 27.0139128 ], [ 75.8766579, 27.013657 ], [ 75.8771767, 27.0122694 ], [ 75.8760714, 27.0086465 ], [ 75.8753548, 26.9987503 ], [ 75.8741605, 26.9940679 ], [ 75.8722496, 26.9932165 ], [ 75.8705855, 26.995586 ], [ 75.8718812, 27.0039437 ], [ 75.8699525, 27.0044848 ], [ 75.8694587, 27.0039722 ], [ 75.8671266, 27.0024232 ], [ 75.8674356, 27.0005251 ], [ 75.8671591, 26.9975475 ], [ 75.863731, 26.9944156 ], [ 75.8619523, 26.9931991 ], [ 75.860777, 26.9920123 ], [ 75.8601898, 26.9913093 ], [ 75.8593605, 26.9906536 ], [ 75.8576762, 26.9897888 ], [ 75.8580088, 26.9905475 ], [ 75.8593275, 26.9945382 ], [ 75.8589972, 26.9947998 ], [ 75.8585385, 26.9948489 ], [ 75.8581257, 26.9946854 ], [ 75.8576303, 26.9948979 ], [ 75.8574101, 26.9944565 ], [ 75.8570891, 26.9941132 ], [ 75.8566762, 26.9941704 ], [ 75.8563634, 26.9940167 ], [ 75.85615, 26.993747 ], [ 75.8560994, 26.9933452 ], [ 75.8558192, 26.9932095 ], [ 75.8553481, 26.9931115 ], [ 75.8546548, 26.9933887 ], [ 75.854577, 26.9935823 ], [ 75.8543791, 26.9937644 ], [ 75.854058, 26.9938771 ], [ 75.8539575, 26.9942326 ], [ 75.8535289, 26.994557 ], [ 75.8528579, 26.99451 ], [ 75.8523811, 26.9942644 ], [ 75.8516141, 26.9936629 ], [ 75.8488907, 26.9932092 ], [ 75.8468734, 26.9911593 ], [ 75.8466026, 26.9907597 ], [ 75.8462512, 26.9903821 ], [ 75.8456936, 26.9901683 ], [ 75.8451958, 26.9900822 ], [ 75.844835, 26.9899447 ], [ 75.8446205, 26.9901264 ], [ 75.8442503, 26.989842 ], [ 75.8444255, 26.9896588 ], [ 75.8437918, 26.9894589 ], [ 75.8433528, 26.989023 ], [ 75.8434155, 26.988643 ], [ 75.8436914, 26.9884195 ], [ 75.8438506, 26.9881464 ], [ 75.8439576, 26.9881523 ], [ 75.8440897, 26.9880381 ], [ 75.8442528, 26.9880346 ], [ 75.8443227, 26.9879966 ], [ 75.8443732, 26.9879308 ], [ 75.8444626, 26.9879273 ], [ 75.8445325, 26.9878789 ], [ 75.8445675, 26.9878131 ], [ 75.8445606, 26.9877015 ], [ 75.8445901, 26.9876227 ], [ 75.8445955, 26.9875653 ], [ 75.8445874, 26.9875056 ], [ 75.8445633, 26.9874578 ], [ 75.8445338, 26.9874123 ], [ 75.8445284, 26.9873741 ], [ 75.8445713, 26.9873693 ], [ 75.8446491, 26.9873908 ], [ 75.8447108, 26.9874291 ], [ 75.8447859, 26.9874769 ], [ 75.8448396, 26.9875414 ], [ 75.8448744, 26.9876298 ], [ 75.8448878, 26.9877063 ], [ 75.8448878, 26.9877876 ], [ 75.8448878, 26.9878521 ], [ 75.8448588, 26.9879239 ], [ 75.8450686, 26.9882112 ], [ 75.8450841, 26.9884466 ], [ 75.8451385, 26.9885643 ], [ 75.8451963, 26.9885668 ], [ 75.8452634, 26.988648 ], [ 75.8452982, 26.9887412 ], [ 75.84529, 26.9888446 ], [ 75.8455206, 26.9892707 ], [ 75.8456845, 26.9893125 ], [ 75.8458347, 26.9893675 ], [ 75.8460519, 26.9894105 ], [ 75.8461834, 26.9894344 ], [ 75.8463148, 26.9894487 ], [ 75.8465025, 26.989432 ], [ 75.8466554, 26.98942 ], [ 75.846819, 26.9893961 ], [ 75.8468432, 26.9893782 ], [ 75.8467332, 26.9893232 ], [ 75.8466192, 26.9892671 ], [ 75.8463215, 26.9891978 ], [ 75.8462665, 26.9890962 ], [ 75.8462316, 26.9890938 ], [ 75.8462035, 26.9890675 ], [ 75.8462035, 26.9890328 ], [ 75.8462142, 26.9890149 ], [ 75.8460834, 26.9888494 ], [ 75.8458534, 26.9886313 ], [ 75.8457676, 26.9881365 ], [ 75.845714, 26.9881282 ], [ 75.8456804, 26.9881031 ], [ 75.8456603, 26.9880637 ], [ 75.8456697, 26.988023 ], [ 75.8457059, 26.9879955 ], [ 75.8457542, 26.9879896 ], [ 75.8457998, 26.9880039 ], [ 75.8459513, 26.9877207 ], [ 75.8459138, 26.9874255 ], [ 75.8458146, 26.9872594 ], [ 75.8457649, 26.987196 ], [ 75.8457019, 26.9871423 ], [ 75.8456402, 26.9870861 ], [ 75.8456161, 26.9870084 ], [ 75.8455906, 26.9869391 ], [ 75.8455584, 26.986877 ], [ 75.8454927, 26.9868256 ], [ 75.8454377, 26.9867945 ], [ 75.8453854, 26.9867383 ], [ 75.8448704, 26.986099 ], [ 75.8447832, 26.9855385 ], [ 75.8447309, 26.9855361 ], [ 75.8446974, 26.985505 ], [ 75.844688, 26.9854464 ], [ 75.8447055, 26.9854022 ], [ 75.8447618, 26.9853807 ], [ 75.8448369, 26.9851285 ], [ 75.8448154, 26.9850807 ], [ 75.8448329, 26.9850246 ], [ 75.8448624, 26.9850066 ], [ 75.8446169, 26.9844019 ], [ 75.8446961, 26.9843697 ], [ 75.8445888, 26.9840984 ], [ 75.8445566, 26.9840924 ], [ 75.8445284, 26.9840434 ], [ 75.8445526, 26.9840195 ], [ 75.8442723, 26.9833287 ], [ 75.8442092, 26.9833467 ], [ 75.844165, 26.9833156 ], [ 75.8441328, 26.9832797 ], [ 75.8440805, 26.9832773 ], [ 75.844051, 26.9833096 ], [ 75.8440242, 26.9833383 ], [ 75.8439665, 26.9833371 ], [ 75.8438579, 26.9833048 ], [ 75.8437962, 26.9833096 ], [ 75.843745, 26.983342 ] ] ] ] } },
{ "type": "Feature", "properties": { "osm_way_id": "91603549", "natural": "wood" }, "geometry": { "type": "MultiPolygon", "coordinates": [ [ [ [ 75.8496387, 26.9036577 ], [ 75.8490765, 26.9061552 ], [ 75.8497021, 26.9096142 ], [ 75.8510785, 26.9137984 ], [ 75.8519311, 26.915343 ], [ 75.8518565, 26.9154714 ], [ 75.8517226, 26.9155248 ], [ 75.8515879, 26.9159271 ], [ 75.8516288, 26.9160397 ], [ 75.8517884, 26.9160202 ], [ 75.8516925, 26.9161058 ], [ 75.8515547, 26.9162029 ], [ 75.8513766, 26.9163515 ], [ 75.8512776, 26.9164965 ], [ 75.8513133, 26.9165759 ], [ 75.8511085, 26.9167589 ], [ 75.8510134, 26.9169965 ], [ 75.8508529, 26.9172365 ], [ 75.85073, 26.9176211 ], [ 75.8507306, 26.9178911 ], [ 75.8509223, 26.917602 ], [ 75.8512695, 26.9174828 ], [ 75.851536, 26.917443 ], [ 75.8515559, 26.9179883 ], [ 75.8514586, 26.9180191 ], [ 75.8513708, 26.9183198 ], [ 75.8513033, 26.918358 ], [ 75.8513129, 26.9184212 ], [ 75.851081, 26.918585 ], [ 75.8510642, 26.9186626 ], [ 75.8508856, 26.9187175 ], [ 75.8506418, 26.9182595 ], [ 75.8505067, 26.9182845 ], [ 75.8504768, 26.9180831 ], [ 75.8502966, 26.9181246 ], [ 75.8503151, 26.9183641 ], [ 75.8501287, 26.9185117 ], [ 75.8502716, 26.91871 ], [ 75.8501808, 26.9188983 ], [ 75.8504983, 26.9189412 ], [ 75.8504084, 26.9191823 ], [ 75.8520919, 26.9190233 ], [ 75.8521525, 26.9189419 ], [ 75.8522488, 26.9188618 ], [ 75.8525122, 26.9188624 ], [ 75.8525134, 26.9190659 ], [ 75.8521348, 26.919128 ], [ 75.8522681, 26.920258 ], [ 75.8521548, 26.9202901 ], [ 75.8521684, 26.920562 ], [ 75.8520428, 26.9206182 ], [ 75.8519954, 26.9208454 ], [ 75.8520503, 26.9214911 ], [ 75.852454, 26.9219374 ], [ 75.8521375, 26.9220971 ], [ 75.851754, 26.9227677 ], [ 75.851983, 26.9231697 ], [ 75.8525101, 26.9232058 ], [ 75.8531503, 26.9232367 ], [ 75.8533354, 26.923035 ], [ 75.8538563, 26.9233244 ], [ 75.8563965, 26.9243976 ], [ 75.856897, 26.9257922 ], [ 75.8560837, 26.9260153 ], [ 75.8543319, 26.9247881 ], [ 75.8517667, 26.9240072 ], [ 75.8498898, 26.9235609 ], [ 75.8488888, 26.9243419 ], [ 75.8484918, 26.9269707 ], [ 75.8484508, 26.9272425 ], [ 75.8489513, 26.92992 ], [ 75.8488262, 26.9318165 ], [ 75.8487011, 26.9325974 ], [ 75.849139, 26.9349401 ], [ 75.8502026, 26.9354421 ], [ 75.8511087, 26.9374416 ], [ 75.8512662, 26.9376732 ], [ 75.852455, 26.9382867 ], [ 75.8523298, 26.9403504 ], [ 75.8508283, 26.9410197 ], [ 75.8509534, 26.9435853 ], [ 75.8523298, 26.9448681 ], [ 75.8529555, 26.9465971 ], [ 75.8547698, 26.9484933 ], [ 75.8570847, 26.9492183 ], [ 75.8595873, 26.9492183 ], [ 75.8621525, 26.948326 ], [ 75.8637792, 26.9468759 ], [ 75.8653433, 26.9467644 ], [ 75.8659064, 26.9481029 ], [ 75.8667197, 26.9483817 ], [ 75.8680961, 26.9473221 ], [ 75.8690971, 26.9460951 ], [ 75.8677833, 26.9453701 ], [ 75.8680335, 26.9440315 ], [ 75.870411, 26.9432507 ], [ 75.8716623, 26.9427487 ], [ 75.8712869, 26.9452028 ], [ 75.8712869, 26.9469317 ], [ 75.8713578, 26.9469833 ], [ 75.8714055, 26.9471454 ], [ 75.8722879, 26.9486048 ], [ 75.8726361, 26.9491339 ], [ 75.8730867, 26.9490263 ], [ 75.8734499, 26.9490701 ], [ 75.8740415, 26.9505855 ], [ 75.874393, 26.9509175 ], [ 75.8752517, 26.9508978 ], [ 75.8755946, 26.9509223 ], [ 75.8758306, 26.9511662 ], [ 75.876469, 26.9509558 ], [ 75.8766568, 26.9506019 ], [ 75.8765512, 26.9499768 ], [ 75.8779188, 26.9485491 ], [ 75.8792952, 26.9454258 ], [ 75.880609, 26.942916 ], [ 75.8812508, 26.9422298 ], [ 75.8823608, 26.9412428 ], [ 75.8839875, 26.9389003 ], [ 75.8840501, 26.9375059 ], [ 75.8833619, 26.934717 ], [ 75.8822249, 26.9310786 ], [ 75.8822787, 26.9308034 ], [ 75.8821285, 26.9304256 ], [ 75.8817637, 26.9300286 ], [ 75.8814686, 26.9288377 ], [ 75.8813828, 26.9278381 ], [ 75.8816101, 26.9273541 ], [ 75.8816726, 26.9257922 ], [ 75.8827362, 26.9232262 ], [ 75.8816101, 26.9204928 ], [ 75.8811292, 26.9188822 ], [ 75.8808177, 26.9187686 ], [ 75.8806408, 26.9177966 ], [ 75.8803081, 26.9178471 ], [ 75.8798524, 26.9173845 ], [ 75.8793879, 26.916913 ], [ 75.878857, 26.9144136 ], [ 75.8809381, 26.914319 ], [ 75.8825802, 26.9143631 ], [ 75.8876163, 26.9126268 ], [ 75.8873035, 26.909391 ], [ 75.8856768, 26.90861 ], [ 75.8770388, 26.9071882 ], [ 75.8749782, 26.9080521 ], [ 75.8733515, 26.9083868 ], [ 75.8709741, 26.9074384 ], [ 75.8699731, 26.9064899 ], [ 75.8702859, 26.9051509 ], [ 75.8709115, 26.9033655 ], [ 75.8687218, 26.9007432 ], [ 75.8670325, 26.8978418 ], [ 75.8655935, 26.8954984 ], [ 75.8639668, 26.8949962 ], [ 75.8632463, 26.8950892 ], [ 75.862653, 26.8952194 ], [ 75.8625073, 26.8953418 ], [ 75.8619022, 26.8959448 ], [ 75.8615268, 26.8973955 ], [ 75.8609637, 26.8987904 ], [ 75.8608386, 26.9001295 ], [ 75.861214, 26.9010222 ], [ 75.8610263, 26.9017475 ], [ 75.8595873, 26.9018591 ], [ 75.858336, 26.9007432 ], [ 75.8575853, 26.8997389 ], [ 75.8562714, 26.8996831 ], [ 75.8543319, 26.9003526 ], [ 75.8535811, 26.9019149 ], [ 75.8525175, 26.902975 ], [ 75.8512037, 26.9029192 ], [ 75.8496387, 26.9036577 ] ] ] ] } },
{ "type": "Feature", "properties": { "osm_way_id": "91603550", "name": "Jhalana Conservation Reserve", "boundary": "protected_area", "natural": "scrub", "other_tags": "\"wikipedia\"=>\"fr:Jhalana National Park\"" }, "geometry": { "type": "MultiPolygon", "coordinates": [ [ [ [ 75.840308, 26.8373483 ], [ 75.8374144, 26.8376275 ], [ 75.8360067, 26.838744 ], [ 75.834463, 26.839064 ], [ 75.8333628, 26.8400276 ], [ 75.8300051, 26.8444879 ], [ 75.8290464, 26.8467686 ], [ 75.8270913, 26.8495596 ], [ 75.8284208, 26.8510946 ], [ 75.8292028, 26.8523506 ], [ 75.8307669, 26.8517924 ], [ 75.8328003, 26.8534669 ], [ 75.8330076, 26.8552766 ], [ 75.8330349, 26.8555601 ], [ 75.8326439, 26.8577927 ], [ 75.8317836, 26.8602346 ], [ 75.8301413, 26.8610021 ], [ 75.8267002, 26.8603742 ], [ 75.8248233, 26.8610719 ], [ 75.8244323, 26.8626765 ], [ 75.8252925, 26.86463 ], [ 75.8269348, 26.8657462 ], [ 75.8268566, 26.8665136 ], [ 75.8251361, 26.8693041 ], [ 75.8254489, 26.8716063 ], [ 75.8252925, 26.872862 ], [ 75.8236515, 26.8770699 ], [ 75.8302259, 26.8805725 ], [ 75.8317311, 26.8814264 ], [ 75.832615, 26.8821622 ], [ 75.8330723, 26.8816914 ], [ 75.8333998, 26.8819302 ], [ 75.8334908, 26.8818446 ], [ 75.8341636, 26.8821555 ], [ 75.8350219, 26.8826289 ], [ 75.8354562, 26.8828091 ], [ 75.8356215, 26.8826905 ], [ 75.8363838, 26.8828247 ], [ 75.8364804, 26.8830276 ], [ 75.8362116, 26.883168 ], [ 75.8360654, 26.8833543 ], [ 75.835739, 26.8833726 ], [ 75.8355457, 26.8835231 ], [ 75.8358714, 26.8839189 ], [ 75.8358294, 26.8839801 ], [ 75.835912, 26.8841154 ], [ 75.8360201, 26.8841195 ], [ 75.8361029, 26.8841364 ], [ 75.8363776, 26.8840994 ], [ 75.8364517, 26.8840739 ], [ 75.8365504, 26.884261 ], [ 75.8368523, 26.884244 ], [ 75.836925, 26.8842822 ], [ 75.8369064, 26.8844831 ], [ 75.8370327, 26.8846685 ], [ 75.8367767, 26.8848345 ], [ 75.8369295, 26.8851036 ], [ 75.8366933, 26.8853669 ], [ 75.8367362, 26.8855063 ], [ 75.8368283, 26.8856091 ], [ 75.8369388, 26.8855654 ], [ 75.8371843, 26.8858567 ], [ 75.8373401, 26.8861241 ], [ 75.8376706, 26.886414 ], [ 75.8378914, 26.8864986 ], [ 75.838099, 26.8869017 ], [ 75.8383349, 26.8870922 ], [ 75.838619, 26.8872772 ], [ 75.8387497, 26.8874659 ], [ 75.842185, 26.8908588 ], [ 75.8429246, 26.8920798 ], [ 75.8432379, 26.8923034 ], [ 75.8442575, 26.8938391 ], [ 75.8443271, 26.8952499 ], [ 75.8459861, 26.8949104 ], [ 75.8460143, 26.8960394 ], [ 75.8453844, 26.8960328 ], [ 75.8454162, 26.8966679 ], [ 75.8453264, 26.8972157 ], [ 75.8452584, 26.8980352 ], [ 75.846045, 26.897976 ], [ 75.8461049, 26.8983278 ], [ 75.8462027, 26.8986577 ], [ 75.8462447, 26.8988291 ], [ 75.8462538, 26.8990177 ], [ 75.8462958, 26.8990194 ], [ 75.846293, 26.899237 ], [ 75.8463559, 26.8994814 ], [ 75.8464169, 26.8995949 ], [ 75.8464831, 26.8995884 ], [ 75.8465235, 26.8999133 ], [ 75.8466119, 26.8999882 ], [ 75.8466116, 26.9004764 ], [ 75.8468021, 26.9002538 ], [ 75.8469294, 26.8999595 ], [ 75.8469923, 26.8994309 ], [ 75.8470715, 26.8989301 ], [ 75.84715, 26.8987318 ], [ 75.8480391, 26.8988215 ], [ 75.8480335, 26.8988964 ], [ 75.8478768, 26.8998663 ], [ 75.8474952, 26.8998606 ], [ 75.8471126, 26.9004518 ], [ 75.8466677, 26.9007679 ], [ 75.8467892, 26.9012134 ], [ 75.8470065, 26.9016645 ], [ 75.8481794, 26.9014316 ], [ 75.8494183, 26.9015176 ], [ 75.8500884, 26.9015737 ], [ 75.8500313, 26.9009771 ], [ 75.8509222, 26.9009194 ], [ 75.8509463, 26.9015834 ], [ 75.8521171, 26.900693 ], [ 75.8528703, 26.9002055 ], [ 75.8539226, 26.8989968 ], [ 75.8548249, 26.8983403 ], [ 75.8551002, 26.8983174 ], [ 75.8579825, 26.8981125 ], [ 75.859312, 26.8979032 ], [ 75.8602505, 26.8969268 ], [ 75.8604069, 26.8953924 ], [ 75.8590774, 26.8940672 ], [ 75.8573999, 26.8935447 ], [ 75.8570812, 26.8927919 ], [ 75.8579649, 26.8927377 ], [ 75.8595538, 26.893528 ], [ 75.860351, 26.8938986 ], [ 75.8614236, 26.8936487 ], [ 75.8629095, 26.892742 ], [ 75.863848, 26.8912773 ], [ 75.8636916, 26.888836 ], [ 75.8635352, 26.8875805 ], [ 75.864239, 26.8875107 ], [ 75.8660377, 26.8889755 ], [ 75.8676801, 26.8889755 ], [ 75.8690096, 26.8881385 ], [ 75.8690096, 26.8859762 ], [ 75.8683839, 26.8834651 ], [ 75.8673672, 26.8803261 ], [ 75.8675236, 26.8778846 ], [ 75.8669762, 26.8762802 ], [ 75.8665852, 26.8746757 ], [ 75.8665852, 26.8727922 ], [ 75.8640044, 26.8703506 ], [ 75.8607197, 26.8679787 ], [ 75.8582954, 26.8664438 ], [ 75.8564966, 26.8665136 ], [ 75.8563402, 26.8683275 ], [ 75.8552453, 26.8690251 ], [ 75.8543069, 26.8674903 ], [ 75.8535248, 26.8652578 ], [ 75.8549325, 26.8641416 ], [ 75.8560274, 26.8635137 ], [ 75.8554018, 26.8603044 ], [ 75.8546979, 26.8582113 ], [ 75.8539158, 26.8570253 ], [ 75.8535248, 26.8547926 ], [ 75.8549325, 26.8545833 ], [ 75.8557928, 26.854653 ], [ 75.8560274, 26.8529785 ], [ 75.8557928, 26.8492805 ], [ 75.85548, 26.8471174 ], [ 75.8538376, 26.8459312 ], [ 75.8527428, 26.8438379 ], [ 75.8511786, 26.8415352 ], [ 75.8467209, 26.8404885 ], [ 75.8444529, 26.839372 ], [ 75.842967, 26.8393022 ], [ 75.8413247, 26.8376275 ], [ 75.840308, 26.8373483 ] ] ] ] } },
{ "type": "Feature", "properties": { "osm_way_id": "133268541", "name": "Deer Park", "leisure": "park" }, "geometry": { "type": "MultiPolygon", "coordinates": [ [ [ [ 75.7980052, 26.9032278 ], [ 75.799011, 26.9050828 ], [ 75.7974574, 26.9060029 ], [ 75.7972024, 26.9057271 ], [ 75.7970608, 26.9053965 ], [ 75.7970183, 26.905068 ], [ 75.7970678, 26.9044953 ], [ 75.797108, 26.9042216 ], [ 75.7972591, 26.9038995 ], [ 75.7973913, 26.9037163 ], [ 75.7977691, 26.9033752 ], [ 75.7980052, 26.9032278 ] ] ] ] } },
{ "type": "Feature", "properties": { "osm_way_id": "133268542", "name": "Nehru Park", "leisure": "park", "other_tags": "\"name:etymology:wikidata\"=>\"Q1047\"" }, "geometry": { "type": "MultiPolygon", "coordinates": [ [ [ [ 75.8007937, 26.9062703 ], [ 75.8002034, 26.9065209 ], [ 75.7998563, 26.9066177 ], [ 75.7995919, 26.9066767 ], [ 75.7990299, 26.906664 ], [ 75.7986356, 26.9066219 ], [ 75.7982437, 26.9065103 ], [ 75.7978989, 26.9063187 ], [ 75.7976345, 26.9061587 ], [ 75.7976038, 26.9060808 ], [ 75.799037, 26.905247 ], [ 75.7999696, 26.9048364 ], [ 75.8000783, 26.9048701 ], [ 75.8001515, 26.9049817 ], [ 75.8007937, 26.9062703 ] ] ] ] } },
{ "type": "Feature", "properties": { "osm_way_id": "133276650", "name": "Government Secretariat Park", "leisure": "park", "other_tags": "\"addr:city\"=>\"Jaipur\",\"addr:postcode\"=>\"302001\",\"addr:street\"=>\"Bhagwandas Road\"" }, "geometry": { "type": "MultiPolygon", "coordinates": [ [ [ [ 75.8036029, 26.9040936 ], [ 75.8027765, 26.90442 ], [ 75.8026986, 26.9043989 ], [ 75.8026585, 26.9043694 ], [ 75.8020705, 26.903203 ], [ 75.8021319, 26.9031082 ], [ 75.8021697, 26.9030766 ], [ 75.8029441, 26.9027629 ], [ 75.8036029, 26.9040936 ] ] ] ] } },
{ "type": "Feature", "properties": { "osm_way_id": "163418155", "name": "Dil-Aram Bagh", "leisure": "park", "other_tags": "\"addr:city\"=>\"Jaipur\",\"addr:postcode\"=>\"302002\",\"addr:street\"=>\"Amer Road\",\"not:operator:wikidata\"=>\"Q6124132\",\"operator\"=>\"Jaipur Nagar Nigam\"" }, "geometry": { "type": "MultiPolygon", "coordinates": [ [ [ [ 75.8531043, 26.9867443 ], [ 75.8538392, 26.9875426 ], [ 75.8540322, 26.9876292 ], [ 75.8540804, 26.9876029 ], [ 75.8540403, 26.9875355 ], [ 75.8542146, 26.9874523 ], [ 75.8542548, 26.987524 ], [ 75.8543112, 26.9874948 ], [ 75.8542737, 26.9873371 ], [ 75.8541691, 26.9871291 ], [ 75.8542601, 26.9870723 ], [ 75.8538177, 26.9863858 ], [ 75.8531043, 26.9867443 ] ] ] ] } },
{ "type": "Feature", "properties": { "osm_way_id": "163418162", "name": "Delram Bagh", "leisure": "park", "other_tags": "\"access\"=>\"yes\",\"addr:city\"=>\"Jaipur\",\"addr:postcode\"=>\"302002\",\"addr:street\"=>\"Amer Road\",\"not:operator:wikidata\"=>\"Q6124132\",\"operator\"=>\"Jaipur Nagar Nigam\"" }, "geometry": { "type": "MultiPolygon", "coordinates": [ [ [ [ 75.8528441, 26.9862854 ], [ 75.8530804, 26.9866361 ], [ 75.8533702, 26.9864913 ], [ 75.853351, 26.9864603 ], [ 75.8534591, 26.9864025 ], [ 75.8534804, 26.9864331 ], [ 75.8537983, 26.9862626 ], [ 75.8535683, 26.9859197 ], [ 75.8535052, 26.985903 ], [ 75.8532295, 26.9860549 ], [ 75.8532644, 26.9861091 ], [ 75.8531533, 26.9861703 ], [ 75.8531182, 26.9861136 ], [ 75.8528468, 26.9862544 ], [ 75.8528441, 26.9862854 ] ] ] ] } },
{ "type": "Feature", "properties": { "osm_way_id": "163689112", "leisure": "park" }, "geometry": { "type": "MultiPolygon", "coordinates": [ [ [ [ 75.8575633, 26.9174249 ], [ 75.8575499, 26.917401 ], [ 75.8575178, 26.9172408 ], [ 75.8576632, 26.91722 ], [ 75.8576663, 26.9172374 ], [ 75.8577238, 26.9172292 ], [ 75.8577206, 26.9172118 ], [ 75.8578644, 26.917191 ], [ 75.8579182, 26.917442 ], [ 75.8578047, 26.9174513 ], [ 75.8577699, 26.9174321 ], [ 75.8577618, 26.9174082 ], [ 75.8577243, 26.9174178 ], [ 75.8577243, 26.9174417 ], [ 75.8576277, 26.9174441 ], [ 75.8576197, 26.9174226 ], [ 75.8575633, 26.9174249 ] ] ] ] } },
{ "type": "Feature", "properties": { "osm_way_id": "163689113", "leisure": "park" }, "geometry": { "type": "MultiPolygon", "coordinates": [ [ [ [ 75.8582411, 26.9170414 ], [ 75.8582459, 26.9170491 ], [ 75.8582474, 26.9170577 ], [ 75.8582455, 26.9170663 ], [ 75.8582405, 26.9170738 ], [ 75.8582328, 26.9170793 ], [ 75.8582235, 26.9170821 ], [ 75.8582178, 26.9170824 ], [ 75.8582083, 26.9170805 ], [ 75.8582, 26.9170758 ], [ 75.858194, 26.9170688 ], [ 75.8581909, 26.9170567 ], [ 75.8581928, 26.9170481 ], [ 75.8581979, 26.9170407 ], [ 75.8582055, 26.9170352 ], [ 75.8582148, 26.9170323 ], [ 75.8582246, 26.9170325 ], [ 75.8582338, 26.9170357 ], [ 75.8582411, 26.9170414 ] ] ] ] } },
{ "type": "Feature", "properties": { "osm_way_id": "170192973", "landuse": "grass" }, "geometry": { "type": "MultiPolygon", "coordinates": [ [ [ [ 75.8238263, 26.9286113 ], [ 75.8237063, 26.9281414 ], [ 75.8235708, 26.9281689 ], [ 75.8235381, 26.9280404 ], [ 75.8227685, 26.9281944 ], [ 75.8227861, 26.9282546 ], [ 75.8227169, 26.9282687 ], [ 75.8227287, 26.9283149 ], [ 75.8226955, 26.9283217 ], [ 75.8227405, 26.9284939 ], [ 75.8228035, 26.9284811 ], [ 75.8228288, 26.9285805 ], [ 75.8231777, 26.9285097 ], [ 75.8231523, 26.9284103 ], [ 75.8234093, 26.9283582 ], [ 75.8234913, 26.9286793 ], [ 75.8238263, 26.9286113 ] ] ] ] } },
{ "type": "Feature", "properties": { "osm_way_id": "170192974", "landuse": "grass" }, "geometry": { "type": "MultiPolygon", "coordinates": [ [ [ [ 75.8224505, 26.927285 ], [ 75.8228803, 26.9271964 ], [ 75.8228997, 26.927271 ], [ 75.8230588, 26.9272382 ], [ 75.823052, 26.9272119 ], [ 75.8232319, 26.9271748 ], [ 75.8234469, 26.9271304 ], [ 75.8236133, 26.9277718 ], [ 75.8234764, 26.9278 ], [ 75.8235097, 26.9279283 ], [ 75.8227438, 26.9280863 ], [ 75.8227376, 26.9280623 ], [ 75.8226273, 26.9280851 ], [ 75.8224899, 26.9275558 ], [ 75.8225192, 26.9275497 ], [ 75.8224505, 26.927285 ] ] ] ] } },
{ "type": "Feature", "properties": { "osm_way_id": "170192977", "landuse": "grass" }, "geometry": { "type": "MultiPolygon", "coordinates": [ [ [ [ 75.8237386, 26.9277466 ], [ 75.8235746, 26.9271058 ], [ 75.8237108, 26.9270781 ], [ 75.8236988, 26.9270311 ], [ 75.8240957, 26.9269504 ], [ 75.8241078, 26.9269976 ], [ 75.8242146, 26.9269758 ], [ 75.8242699, 26.9271921 ], [ 75.8245652, 26.927132 ], [ 75.8246968, 26.927646 ], [ 75.8246507, 26.9276554 ], [ 75.8246611, 26.9276958 ], [ 75.8246132, 26.9277056 ], [ 75.8239076, 26.9278491 ], [ 75.8238743, 26.927719 ], [ 75.8237386, 26.9277466 ] ] ] ] } },
{ "type": "Feature", "properties": { "osm_way_id": "191861476", "landuse": "grass" }, "geometry": { "type": "MultiPolygon", "coordinates": [ [ [ [ 75.849269, 26.983399 ], [ 75.8492582, 26.9833713 ], [ 75.8492402, 26.9833529 ], [ 75.8492009, 26.9833306 ], [ 75.8491639, 26.9833247 ], [ 75.8491212, 26.9833323 ], [ 75.8490875, 26.9833529 ], [ 75.8490639, 26.9833851 ], [ 75.8490562, 26.9834284 ], [ 75.8490678, 26.9834639 ], [ 75.8490875, 26.983489 ], [ 75.8491251, 26.9835123 ], [ 75.8491707, 26.9835189 ], [ 75.8492145, 26.9835097 ], [ 75.849248, 26.9834856 ], [ 75.8492669, 26.9834613 ], [ 75.8492719, 26.983421 ], [ 75.849269, 26.983399 ] ] ] ] } },
{ "type": "Feature", "properties": { "osm_way_id": "191861481", "name": "Aram Bagh", "leisure": "garden" }, "geometry": { "type": "MultiPolygon", "coordinates": [ [ [ [ 75.8503428, 26.9861114 ], [ 75.8505412, 26.9859962 ], [ 75.8503367, 26.9857165 ], [ 75.8501383, 26.9858317 ], [ 75.8503428, 26.9861114 ] ] ] ] } },
{ "type": "Feature", "properties": { "osm_way_id": "191861821", "natural": "wood", "place": "islet" }, "geometry": { "type": "MultiPolygon", "coordinates": [ [ [ [ 75.8469171, 26.990118 ], [ 75.8469359, 26.9901515 ], [ 75.8470445, 26.9901233 ], [ 75.84707, 26.9901544 ], [ 75.8470794, 26.9902279 ], [ 75.8471186, 26.9902326 ], [ 75.8471411, 26.9901514 ], [ 75.8471284, 26.9900762 ], [ 75.8471438, 26.9900487 ], [ 75.8471062, 26.9900338 ], [ 75.8470962, 26.9899794 ], [ 75.8470291, 26.9900045 ], [ 75.8469125, 26.9900326 ], [ 75.8468716, 26.9900529 ], [ 75.8469171, 26.990118 ] ] ] ] } },
{ "type": "Feature", "properties": { "osm_way_id": "192093491", "leisure": "garden" }, "geometry": { "type": "MultiPolygon", "coordinates": [ [ [ [ 75.8458984, 26.9857663 ], [ 75.84593, 26.9857811 ], [ 75.8460758, 26.9857263 ], [ 75.846083, 26.9857031 ], [ 75.8460258, 26.9855613 ], [ 75.8459982, 26.9855534 ], [ 75.845848, 26.9856067 ], [ 75.8458418, 26.9856245 ], [ 75.8458984, 26.9857663 ] ] ] ] } },
{ "type": "Feature", "properties": { "osm_way_id": "192093492", "leisure": "garden" }, "geometry": { "type": "MultiPolygon", "coordinates": [ [ [ [ 75.8460164, 26.9860181 ], [ 75.8461726, 26.9859664 ], [ 75.8461882, 26.9859381 ], [ 75.8461328, 26.9857959 ], [ 75.8461007, 26.9857811 ], [ 75.845951, 26.9858265 ], [ 75.8459311, 26.9858621 ], [ 75.8459865, 26.9860063 ], [ 75.8460164, 26.9860181 ] ] ] ] } },
{ "type": "Feature", "properties": { "osm_way_id": "192093493", "leisure": "garden" }, "geometry": { "type": "MultiPolygon", "coordinates": [ [ [ [ 75.8461492, 26.9856825 ], [ 75.8461759, 26.9856966 ], [ 75.8463317, 26.985641 ], [ 75.8463423, 26.9856225 ], [ 75.8462836, 26.9854743 ], [ 75.8462614, 26.9854639 ], [ 75.8460995, 26.9855212 ], [ 75.8460946, 26.9855376 ], [ 75.8461492, 26.9856825 ] ] ] ] } },
{ "type": "Feature", "properties": { "osm_way_id": "192093494", "leisure": "garden" }, "geometry": { "type": "MultiPolygon", "coordinates": [ [ [ [ 75.8462459, 26.9859292 ], [ 75.846278, 26.9859441 ], [ 75.8464299, 26.9858877 ], [ 75.8464421, 26.985865 ], [ 75.8463856, 26.985708 ], [ 75.8463523, 26.9856941 ], [ 75.8462071, 26.9857425 ], [ 75.8461938, 26.9857781 ], [ 75.8462459, 26.9859292 ] ] ] ] } },
{ "type": "Feature", "properties": { "osm_way_id": "192110034", "landuse": "grass" }, "geometry": { "type": "MultiPolygon", "coordinates": [ [ [ [ 75.8455469, 26.984173 ], [ 75.8458235, 26.9840857 ], [ 75.8457271, 26.9838433 ], [ 75.8454505, 26.9839306 ], [ 75.8455469, 26.984173 ] ] ] ] } },
{ "type": "Feature", "properties": { "osm_way_id": "192110036", "landuse": "grass" }, "geometry": { "type": "MultiPolygon", "coordinates": [ [ [ [ 75.8456082, 26.9842861 ], [ 75.8458385, 26.9842147 ], [ 75.8458999, 26.9842425 ], [ 75.8459808, 26.9844524 ], [ 75.8459632, 26.9844956 ], [ 75.8457309, 26.9845671 ], [ 75.8456649, 26.9845475 ], [ 75.84558, 26.9843412 ], [ 75.8456082, 26.9842861 ] ] ] ] } },
{ "type": "Feature", "properties": { "osm_way_id": "192118827", "name": "Kesar Kyari", "barrier": "wall", "leisure": "park", "other_tags": "\"addr:city\"=>\"jaipur\",\"addr:postcode\"=>\"302002\",\"addr:street\"=>\"Amer Road\",\"name:ja\"=>\"水上庭園\",\"opening_hours\"=>\"Mo-Su 08:00-20:00\",\"operator\"=>\"Nagar Nigam\",\"wikidata\"=>\"Q110122752\"" }, "geometry": { "type": "MultiPolygon", "coordinates": [ [ [ [ 75.8519891, 26.9847666 ], [ 75.8523821, 26.9845579 ], [ 75.8523314, 26.9844822 ], [ 75.8522251, 26.9843231 ], [ 75.8522692, 26.9842997 ], [ 75.8524293, 26.9842146 ], [ 75.8530189, 26.9850964 ], [ 75.8524217, 26.9854135 ], [ 75.8519891, 26.9847666 ] ] ] ] } },
{ "type": "Feature", "properties": { "osm_way_id": "192284512", "leisure": "park" }, "geometry": { "type": "MultiPolygon", "coordinates": [ [ [ [ 75.8445411, 26.9838933 ], [ 75.844773, 26.983795 ], [ 75.8445962, 26.9835739 ], [ 75.8444908, 26.9834308 ], [ 75.8444503, 26.9833976 ], [ 75.8444049, 26.9833614 ], [ 75.8443773, 26.9833542 ], [ 75.8443449, 26.9833629 ], [ 75.8443222, 26.9833773 ], [ 75.8443189, 26.983399 ], [ 75.8445411, 26.9838933 ] ] ] ] } },
{ "type": "Feature", "properties": { "osm_way_id": "192284513", "leisure": "park" }, "geometry": { "type": "MultiPolygon", "coordinates": [ [ [ [ 75.8449482, 26.983795 ], [ 75.8448979, 26.9837849 ], [ 75.8448525, 26.9837516 ], [ 75.844786, 26.9836678 ], [ 75.8445395, 26.9833528 ], [ 75.8445249, 26.983321 ], [ 75.8445249, 26.9833022 ], [ 75.844546, 26.983282 ], [ 75.844619, 26.9832473 ], [ 75.8446725, 26.9832285 ], [ 75.8447, 26.9832516 ], [ 75.8449482, 26.983795 ] ] ] ] } },
{ "type": "Feature", "properties": { "osm_way_id": "192284727", "landuse": "grass" }, "geometry": { "type": "MultiPolygon", "coordinates": [ [ [ [ 75.8448936, 26.9848893 ], [ 75.8450542, 26.9848332 ], [ 75.8449217, 26.9845322 ], [ 75.8448798, 26.9845469 ], [ 75.8448614, 26.9845052 ], [ 75.8447428, 26.9845467 ], [ 75.8448936, 26.9848893 ] ] ] ] } },
{ "type": "Feature", "properties": { "osm_way_id": "192284728", "landuse": "grass" }, "geometry": { "type": "MultiPolygon", "coordinates": [ [ [ [ 75.845111, 26.9853163 ], [ 75.8452671, 26.9852647 ], [ 75.8452195, 26.9851503 ], [ 75.8451773, 26.9851642 ], [ 75.8450558, 26.9848721 ], [ 75.8448925, 26.9849261 ], [ 75.8449805, 26.9851376 ], [ 75.8450298, 26.9851213 ], [ 75.845111, 26.9853163 ] ] ] ] } },
{ "type": "Feature", "properties": { "osm_way_id": "223785882", "name": "parking area", "leisure": "park" }, "geometry": { "type": "MultiPolygon", "coordinates": [ [ [ [ 75.8013225, 26.9237451 ], [ 75.8013238, 26.9238207 ], [ 75.8012717, 26.9238215 ], [ 75.8012704, 26.9237459 ], [ 75.8013225, 26.9237451 ] ] ] ] } },
{ "type": "Feature", "properties": { "osm_way_id": "229590202", "landuse": "grass" }, "geometry": { "type": "MultiPolygon", "coordinates": [ [ [ [ 75.8197247, 26.912034 ], [ 75.819959, 26.9119894 ], [ 75.8199138, 26.9118002 ], [ 75.8196795, 26.9118447 ], [ 75.8197247, 26.912034 ] ] ] ] } },
{ "type": "Feature", "properties": { "osm_way_id": "229590203", "landuse": "grass" }, "geometry": { "type": "MultiPolygon", "coordinates": [ [ [ [ 75.8198467, 26.9114081 ], [ 75.8200474, 26.9113646 ], [ 75.8200992, 26.9115552 ], [ 75.8198986, 26.9115986 ], [ 75.8198467, 26.9114081 ] ] ] ] } },
{ "type": "Feature", "properties": { "osm_way_id": "229590204", "landuse": "grass" }, "geometry": { "type": "MultiPolygon", "coordinates": [ [ [ [ 75.8190424, 26.9115758 ], [ 75.8190855, 26.9117607 ], [ 75.8188731, 26.9118 ], [ 75.81883, 26.9116151 ], [ 75.8190424, 26.9115758 ] ] ] ] } },
{ "type": "Feature", "properties": { "osm_way_id": "229590205", "landuse": "grass" }, "geometry": { "type": "MultiPolygon", "coordinates": [ [ [ [ 75.8191878, 26.9121758 ], [ 75.8191073, 26.9121926 ], [ 75.8190199, 26.9121144 ], [ 75.8189383, 26.912006 ], [ 75.8189072, 26.9119111 ], [ 75.8188927, 26.9118649 ], [ 75.8191019, 26.9118266 ], [ 75.8191878, 26.9121758 ] ] ] ] } },
{ "type": "Feature", "properties": { "osm_way_id": "229590206", "landuse": "grass" }, "geometry": { "type": "MultiPolygon", "coordinates": [ [ [ [ 75.8194479, 26.912082 ], [ 75.8192196, 26.9121293 ], [ 75.8191739, 26.911954 ], [ 75.8194022, 26.9119067 ], [ 75.8194479, 26.912082 ] ] ] ] } },
{ "type": "Feature", "properties": { "osm_way_id": "229590207", "landuse": "grass" }, "geometry": { "type": "MultiPolygon", "coordinates": [ [ [ [ 75.8199951, 26.9120251 ], [ 75.8200675, 26.9120108 ], [ 75.8201142, 26.9119111 ], [ 75.820133, 26.9117675 ], [ 75.8201319, 26.9117046 ], [ 75.8201185, 26.9116185 ], [ 75.819912, 26.9116592 ], [ 75.8199951, 26.9120251 ] ] ] ] } },
{ "type": "Feature", "properties": { "osm_way_id": "230816777", "name": "Ambedker Circle", "leisure": "garden", "other_tags": "\"addr:city\"=>\"Jaipur\",\"addr:postcode\"=>\"302001\",\"addr:street\"=>\"Bhawani Singh Road\",\"opening_hours\"=>\"24/7\"" }, "geometry": { "type": "MultiPolygon", "coordinates": [ [ [ [ 75.8009287, 26.8986047 ], [ 75.8008477, 26.8986162 ], [ 75.8007671, 26.8986023 ], [ 75.8006967, 26.8985646 ], [ 75.800645, 26.8985078 ], [ 75.8006182, 26.8984386 ], [ 75.8006279, 26.8983375 ], [ 75.8006675, 26.8982733 ], [ 75.8007293, 26.8982251 ], [ 75.8008058, 26.8981987 ], [ 75.8008879, 26.8981972 ], [ 75.800967, 26.8982215 ], [ 75.8010306, 26.8982678 ], [ 75.8010726, 26.8983307 ], [ 75.801088, 26.8984026 ], [ 75.8010748, 26.8984749 ], [ 75.8010347, 26.8985387 ], [ 75.8009726, 26.8985866 ], [ 75.8009287, 26.8986047 ] ] ] ] } },
{ "type": "Feature", "properties": { "osm_way_id": "230838724", "natural": "scrub" }, "geometry": { "type": "MultiPolygon", "coordinates": [ [ [ [ 75.803385, 26.891695 ], [ 75.8032393, 26.8915668 ], [ 75.802837, 26.8911219 ], [ 75.802778, 26.8910955 ], [ 75.8027109, 26.8910884 ], [ 75.8026412, 26.8910955 ], [ 75.8020001, 26.8914017 ], [ 75.802094, 26.8915812 ], [ 75.8022657, 26.8914209 ], [ 75.8023971, 26.8912989 ], [ 75.8026412, 26.8911841 ], [ 75.8027646, 26.8912032 ], [ 75.8028556, 26.8913026 ], [ 75.8029577, 26.8914616 ], [ 75.803274, 26.8917643 ], [ 75.803385, 26.891695 ] ] ] ] } },
{ "type": "Feature", "properties": { "osm_way_id": "230849492", "leisure": "park" }, "geometry": { "type": "MultiPolygon", "coordinates": [ [ [ [ 75.7752261, 26.9150722 ], [ 75.7754031, 26.9141107 ], [ 75.7761702, 26.9143929 ], [ 75.7760764, 26.9150428 ], [ 75.7758698, 26.91501 ], [ 75.7758435, 26.9151389 ], [ 75.7752261, 26.9150722 ] ] ] ] } },
{ "type": "Feature", "properties": { "osm_way_id": "261520093", "leisure": "park" }, "geometry": { "type": "MultiPolygon", "coordinates": [ [ [ [ 75.8007459, 26.9516185 ], [ 75.8021281, 26.9522193 ], [ 75.8023916, 26.9517391 ], [ 75.8026242, 26.9518371 ], [ 75.8027841, 26.951564 ], [ 75.8024411, 26.9514165 ], [ 75.802457, 26.9513757 ], [ 75.8025676, 26.9511672 ], [ 75.8022608, 26.9510379 ], [ 75.8022021, 26.9511595 ], [ 75.8020522, 26.9510978 ], [ 75.8018626, 26.9514308 ], [ 75.8007358, 26.9509705 ], [ 75.8007117, 26.9510273 ], [ 75.8008327, 26.9510879 ], [ 75.8008006, 26.9511622 ], [ 75.8006725, 26.9511182 ], [ 75.8005813, 26.9513075 ], [ 75.8008486, 26.9514314 ], [ 75.8007459, 26.9516185 ] ] ] ] } },
{ "type": "Feature", "properties": { "osm_way_id": "261520099", "leisure": "park" }, "geometry": { "type": "MultiPolygon", "coordinates": [ [ [ [ 75.7973062, 26.9509178 ], [ 75.7965659, 26.9506214 ], [ 75.7973062, 26.9491964 ], [ 75.7980465, 26.9495215 ], [ 75.7973062, 26.9509178 ] ] ] ] } },
{ "type": "Feature", "properties": { "osm_way_id": "261520105", "leisure": "park" }, "geometry": { "type": "MultiPolygon", "coordinates": [ [ [ [ 75.7984148, 26.9508697 ], [ 75.7987168, 26.9509979 ], [ 75.7992268, 26.9500213 ], [ 75.7989062, 26.9498821 ], [ 75.7984148, 26.9508697 ] ] ] ] } },
{ "type": "Feature", "properties": { "osm_way_id": "261520117", "leisure": "park" }, "geometry": { "type": "MultiPolygon", "coordinates": [ [ [ [ 75.7978145, 26.9480959 ], [ 75.7980609, 26.9476372 ], [ 75.7983073, 26.9477423 ], [ 75.7980609, 26.9482011 ], [ 75.7978145, 26.9480959 ] ] ] ] } },
{ "type": "Feature", "properties": { "osm_way_id": "261520135", "leisure": "park" }, "geometry": { "type": "MultiPolygon", "coordinates": [ [ [ [ 75.8024372, 26.9486923 ], [ 75.8026516, 26.9482318 ], [ 75.8032117, 26.9484389 ], [ 75.8029973, 26.9488994 ], [ 75.8024372, 26.9486923 ] ] ] ] } },
{ "type": "Feature", "properties": { "osm_way_id": "262856160", "leisure": "park" }, "geometry": { "type": "MultiPolygon", "coordinates": [ [ [ [ 75.7981107, 26.938594 ], [ 75.7983521, 26.9388283 ], [ 75.7985085, 26.9386342 ], [ 75.7987008, 26.9383644 ], [ 75.798884, 26.9380746 ], [ 75.799061, 26.9378116 ], [ 75.7989154, 26.937671 ], [ 75.7981107, 26.938594 ] ] ] ] } },
{ "type": "Feature", "properties": { "osm_way_id": "262856171", "name": "Madho Singh Circle", "leisure": "park" }, "geometry": { "type": "MultiPolygon", "coordinates": [ [ [ [ 75.7933001, 26.9306643 ], [ 75.7933341, 26.9307427 ], [ 75.7933809, 26.9307958 ], [ 75.7934632, 26.9308456 ], [ 75.7935217, 26.9308626 ], [ 75.793621, 26.9308655 ], [ 75.7936772, 26.930853 ], [ 75.7937839, 26.9307924 ], [ 75.7938406, 26.9307196 ], [ 75.7938599, 26.9306685 ], [ 75.7938542, 26.9305378 ], [ 75.7938081, 26.9304579 ], [ 75.7937047, 26.9303828 ], [ 75.793609, 26.9303588 ], [ 75.7935545, 26.9303586 ], [ 75.7934585, 26.9303819 ], [ 75.7933965, 26.9304172 ], [ 75.7933202, 26.9305065 ], [ 75.7932952, 26.9305923 ], [ 75.7933001, 26.9306643 ] ] ] ] } },
{ "type": "Feature", "properties": { "osm_way_id": "263196059", "landuse": "grass" }, "geometry": { "type": "MultiPolygon", "coordinates": [ [ [ [ 75.7950625, 26.9310024 ], [ 75.7954688, 26.9311908 ], [ 75.7956452, 26.9308918 ], [ 75.7952399, 26.9307017 ], [ 75.7950625, 26.9310024 ] ] ] ] } },
{ "type": "Feature", "properties": { "osm_way_id": "263464909", "name": "Collectorate Circle Park", "leisure": "park", "other_tags": "\"alt_name\"=>\"Collectorate Circle Park\",\"alt_name_1\"=>\"Candle Theme park\",\"name:en1\"=>\"Collectorate Circle\"" }, "geometry": { "type": "MultiPolygon", "coordinates": [ [ [ [ 75.7923795, 26.9264525 ], [ 75.7925308, 26.9265824 ], [ 75.7927226, 26.9266585 ], [ 75.7929321, 26.9266718 ], [ 75.7931341, 26.9266206 ], [ 75.7933044, 26.9265112 ], [ 75.7934228, 26.9263565 ], [ 75.793475, 26.9261752 ], [ 75.7934547, 26.9259888 ], [ 75.7933644, 26.9258198 ], [ 75.7932309, 26.9256985 ], [ 75.7930618, 26.92562 ], [ 75.7928737, 26.9255923 ], [ 75.7926852, 26.9256179 ], [ 75.7925149, 26.9256944 ], [ 75.7923797, 26.9258141 ], [ 75.7922928, 26.9259654 ], [ 75.7922628, 26.9261333 ], [ 75.7922927, 26.9263012 ], [ 75.7923795, 26.9264525 ] ] ] ] } },
{ "type": "Feature", "properties": { "osm_way_id": "263480598", "landuse": "grass" }, "geometry": { "type": "MultiPolygon", "coordinates": [ [ [ [ 75.7866568, 26.9071985 ], [ 75.7867629, 26.9070303 ], [ 75.7868564, 26.9070839 ], [ 75.7869775, 26.9069158 ], [ 75.7872873, 26.9071021 ], [ 75.7872974, 26.9072352 ], [ 75.787402, 26.9072289 ], [ 75.7874059, 26.9072808 ], [ 75.7875506, 26.9072721 ], [ 75.7873866, 26.9076235 ], [ 75.7866568, 26.9071985 ] ] ] ] } },
{ "type": "Feature", "properties": { "osm_way_id": "263480599", "name": "22 Godown Circle", "landuse": "grass" }, "geometry": { "type": "MultiPolygon", "coordinates": [ [ [ [ 75.793135, 26.9024319 ], [ 75.7931329, 26.9023829 ], [ 75.7931447, 26.9023449 ], [ 75.7932202, 26.9022746 ], [ 75.793285, 26.9021758 ], [ 75.7933249, 26.9020866 ], [ 75.7933689, 26.9020576 ], [ 75.7934027, 26.9020514 ], [ 75.7934432, 26.9020912 ], [ 75.7934155, 26.9021484 ], [ 75.7933748, 26.9022289 ], [ 75.7933174, 26.9023026 ], [ 75.7932728, 26.9023789 ], [ 75.7932429, 26.9024144 ], [ 75.7932212, 26.9024326 ], [ 75.793182, 26.9024488 ], [ 75.7931551, 26.9024425 ], [ 75.793135, 26.9024319 ] ] ] ] } },
{ "type": "Feature", "properties": { "osm_way_id": "263480600", "landuse": "grass" }, "geometry": { "type": "MultiPolygon", "coordinates": [ [ [ [ 75.7845667, 26.9059678 ], [ 75.7850799, 26.9051939 ], [ 75.7871192, 26.9063381 ], [ 75.7865777, 26.907096 ], [ 75.7845667, 26.9059678 ] ] ] ] } },
{ "type": "Feature", "properties": { "osm_way_id": "263480601", "landuse": "grass" }, "geometry": { "type": "MultiPolygon", "coordinates": [ [ [ [ 75.7886026, 26.9107352 ], [ 75.7881175, 26.9105625 ], [ 75.7881709, 26.9100942 ], [ 75.7888128, 26.9101509 ], [ 75.7888051, 26.9102906 ], [ 75.7888703, 26.9102978 ], [ 75.7886026, 26.9107352 ] ] ] ] } },
{ "type": "Feature", "properties": { "osm_way_id": "263639557", "landuse": "grass" }, "geometry": { "type": "MultiPolygon", "coordinates": [ [ [ [ 75.7620453, 26.9737641 ], [ 75.7636745, 26.973756 ], [ 75.7636677, 26.9726666 ], [ 75.7620384, 26.9726747 ], [ 75.7620453, 26.9737641 ] ] ] ] } },
{ "type": "Feature", "properties": { "osm_way_id": "263639574", "landuse": "grass" }, "geometry": { "type": "MultiPolygon", "coordinates": [ [ [ [ 75.772716, 26.9696128 ], [ 75.7727535, 26.9682741 ], [ 75.772834, 26.9682788 ], [ 75.7730309, 26.9685836 ], [ 75.7730148, 26.9687844 ], [ 75.7730164, 26.9689721 ], [ 75.7730486, 26.9690629 ], [ 75.7730953, 26.9691191 ], [ 75.7731344, 26.9691872 ], [ 75.7730647, 26.9692207 ], [ 75.7728608, 26.9693115 ], [ 75.7727965, 26.9695315 ], [ 75.7727696, 26.9695936 ], [ 75.772716, 26.9696128 ] ] ] ] } },
{ "type": "Feature", "properties": { "osm_way_id": "263766740", "landuse": "grass" }, "geometry": { "type": "MultiPolygon", "coordinates": [ [ [ [ 75.7807624, 26.9037494 ], [ 75.7842953, 26.9058439 ], [ 75.7843754, 26.9058662 ], [ 75.784421, 26.9058614 ], [ 75.7844853, 26.9058304 ], [ 75.7849842, 26.9051032 ], [ 75.7834772, 26.9042652 ], [ 75.7834339, 26.9043115 ], [ 75.7831929, 26.9041839 ], [ 75.7832247, 26.9041369 ], [ 75.7830427, 26.9040308 ], [ 75.7829082, 26.9042087 ], [ 75.7825971, 26.9040293 ], [ 75.7822488, 26.9038155 ], [ 75.78242, 26.9036179 ], [ 75.7819135, 26.9033443 ], [ 75.7818116, 26.9035381 ], [ 75.781648, 26.9035405 ], [ 75.7816288, 26.9034839 ], [ 75.7814813, 26.9035078 ], [ 75.7814173, 26.9034687 ], [ 75.7814629, 26.9033659 ], [ 75.7814222, 26.9033595 ], [ 75.7811808, 26.9036872 ], [ 75.7809184, 26.9035524 ], [ 75.7807624, 26.9037494 ] ] ] ] } },
{ "type": "Feature", "properties": { "osm_way_id": "263766747", "landuse": "grass" }, "geometry": { "type": "MultiPolygon", "coordinates": [ [ [ [ 75.7733606, 26.8912956 ], [ 75.7734005, 26.891326 ], [ 75.7734665, 26.8913444 ], [ 75.7735188, 26.8913396 ], [ 75.7735838, 26.8913058 ], [ 75.7736112, 26.891273 ], [ 75.7736282, 26.8912219 ], [ 75.7736154, 26.8911543 ], [ 75.77357, 26.891103 ], [ 75.7735018, 26.8910765 ], [ 75.7734492, 26.8910771 ], [ 75.7734052, 26.8910911 ], [ 75.7733563, 26.8911287 ], [ 75.7733326, 26.8911705 ], [ 75.7733272, 26.8912261 ], [ 75.7733425, 26.8912709 ], [ 75.7733606, 26.8912956 ] ] ] ] } },
{ "type": "Feature", "properties": { "osm_way_id": "263766752", "landuse": "grass" }, "geometry": { "type": "MultiPolygon", "coordinates": [ [ [ [ 75.7864826, 26.902726 ], [ 75.7864692, 26.9027545 ], [ 75.7864675, 26.9027853 ], [ 75.7864728, 26.9028046 ], [ 75.786498, 26.9028388 ], [ 75.7865421, 26.9028603 ], [ 75.7865767, 26.9028625 ], [ 75.7865946, 26.9028594 ], [ 75.7866256, 26.9028456 ], [ 75.7866449, 26.9028288 ], [ 75.786665, 26.9027869 ], [ 75.7866632, 26.9027533 ], [ 75.7866418, 26.9027161 ], [ 75.786615, 26.9026966 ], [ 75.7865925, 26.9026884 ], [ 75.786558, 26.9026856 ], [ 75.7865379, 26.902689 ], [ 75.786507, 26.9027028 ], [ 75.7864826, 26.902726 ] ] ] ] } },
{ "type": "Feature", "properties": { "osm_way_id": "263767612", "landuse": "grass" }, "geometry": { "type": "MultiPolygon", "coordinates": [ [ [ [ 75.7917268, 26.9060012 ], [ 75.792623, 26.9058018 ], [ 75.7927357, 26.9057539 ], [ 75.7927625, 26.9056917 ], [ 75.7927679, 26.9056104 ], [ 75.7925157, 26.9048163 ], [ 75.7924245, 26.9047876 ], [ 75.7923548, 26.9047876 ], [ 75.7914858, 26.9050172 ], [ 75.7915823, 26.9055817 ], [ 75.7917268, 26.9060012 ] ] ] ] } },
{ "type": "Feature", "properties": { "osm_way_id": "263767615", "landuse": "grass" }, "geometry": { "type": "MultiPolygon", "coordinates": [ [ [ [ 75.7889753, 26.9110828 ], [ 75.7892171, 26.9106729 ], [ 75.7898041, 26.9107766 ], [ 75.789831, 26.9106379 ], [ 75.7901877, 26.9106833 ], [ 75.7902149, 26.9112015 ], [ 75.789898, 26.9112143 ], [ 75.7889436, 26.9111298 ], [ 75.7889753, 26.9110828 ] ] ] ] } },
{ "type": "Feature", "properties": { "osm_way_id": "263767631", "landuse": "grass" }, "geometry": { "type": "MultiPolygon", "coordinates": [ [ [ [ 75.7912014, 26.9064858 ], [ 75.7916628, 26.906438 ], [ 75.7918344, 26.9063136 ], [ 75.7917268, 26.9060012 ], [ 75.7915823, 26.9055817 ], [ 75.7910459, 26.90573 ], [ 75.7912014, 26.9064858 ] ] ] ] } },
{ "type": "Feature", "properties": { "osm_way_id": "263767632", "landuse": "grass" }, "geometry": { "type": "MultiPolygon", "coordinates": [ [ [ [ 75.7897156, 26.9126422 ], [ 75.7898605, 26.912635 ], [ 75.7898605, 26.9125058 ], [ 75.7897444, 26.9125101 ], [ 75.7897397, 26.9125867 ], [ 75.7897156, 26.9126422 ] ] ] ] } },
{ "type": "Feature", "properties": { "osm_way_id": "263783903", "name": "Nagar Nigam Park", "leisure": "park", "other_tags": "\"addr:city\"=>\"Jaipur\",\"addr:postcode\"=>\"302002\",\"addr:street\"=>\"Amer Road\",\"opening_hours\"=>\"24/7\",\"operator\"=>\"Nagar Nigam\"" }, "geometry": { "type": "MultiPolygon", "coordinates": [ [ [ [ 75.838196, 26.9431301 ], [ 75.8384747, 26.9430589 ], [ 75.8387792, 26.9429885 ], [ 75.8386705, 26.9425607 ], [ 75.8384859, 26.9422622 ], [ 75.8383368, 26.9422946 ], [ 75.8381754, 26.9423929 ], [ 75.8380069, 26.9424806 ], [ 75.8379308, 26.9425684 ], [ 75.838196, 26.9431301 ] ] ] ] } },
{ "type": "Feature", "properties": { "osm_way_id": "263930315", "landuse": "grass" }, "geometry": { "type": "MultiPolygon", "coordinates": [ [ [ [ 75.7497923, 26.8768646 ], [ 75.7506661, 26.8771466 ], [ 75.7508892, 26.8766739 ], [ 75.7499968, 26.8763422 ], [ 75.7497923, 26.8768646 ] ] ] ] } },
{ "type": "Feature", "properties": { "osm_way_id": "263930316", "landuse": "grass" }, "geometry": { "type": "MultiPolygon", "coordinates": [ [ [ [ 75.7480038, 26.8767161 ], [ 75.7486445, 26.8769647 ], [ 75.7487849, 26.8766766 ], [ 75.7481442, 26.8764281 ], [ 75.7480038, 26.8767161 ] ] ] ] } },
{ "type": "Feature", "properties": { "osm_way_id": "263930317", "landuse": "grass" }, "geometry": { "type": "MultiPolygon", "coordinates": [ [ [ [ 75.7439579, 26.8815514 ], [ 75.7443909, 26.8815986 ], [ 75.7449163, 26.8816558 ], [ 75.7449346, 26.88125 ], [ 75.744951, 26.880886 ], [ 75.7445004, 26.8808701 ], [ 75.744075, 26.8808551 ], [ 75.7440159, 26.8812067 ], [ 75.7439579, 26.8815514 ] ] ] ] } },
{ "type": "Feature", "properties": { "osm_way_id": "263930319", "leisure": "park" }, "geometry": { "type": "MultiPolygon", "coordinates": [ [ [ [ 75.7512425, 26.8772461 ], [ 75.7520698, 26.8772958 ], [ 75.7521256, 26.8766822 ], [ 75.7515772, 26.8765495 ], [ 75.7512425, 26.8772461 ] ] ] ] } },
{ "type": "Feature", "properties": { "osm_way_id": "265217075", "landuse": "grass" }, "geometry": { "type": "MultiPolygon", "coordinates": [ [ [ [ 75.7937824, 26.931339 ], [ 75.7938928, 26.9313375 ], [ 75.7938745, 26.9311762 ], [ 75.7938761, 26.9311333 ], [ 75.7938847, 26.9311256 ], [ 75.7938978, 26.9311139 ], [ 75.7939413, 26.9311213 ], [ 75.793958, 26.931096 ], [ 75.7938791, 26.9309718 ], [ 75.7938343, 26.9309544 ], [ 75.7937295, 26.9310233 ], [ 75.7937824, 26.931339 ] ] ] ] } },
{ "type": "Feature", "properties": { "osm_way_id": "265217077", "landuse": "grass" }, "geometry": { "type": "MultiPolygon", "coordinates": [ [ [ [ 75.8016529, 26.9298844 ], [ 75.8015803, 26.9298024 ], [ 75.8017875, 26.9296683 ], [ 75.8019287, 26.9298381 ], [ 75.8018521, 26.9298892 ], [ 75.8018091, 26.9298556 ], [ 75.8018118, 26.92981 ], [ 75.8017862, 26.9298147 ], [ 75.8017694, 26.9297953 ], [ 75.801751, 26.9297953 ], [ 75.801736, 26.9298117 ], [ 75.8017109, 26.9298102 ], [ 75.8017059, 26.9298415 ], [ 75.8016529, 26.9298844 ] ] ] ] } },
{ "type": "Feature", "properties": { "osm_way_id": "265217079", "landuse": "grass" }, "geometry": { "type": "MultiPolygon", "coordinates": [ [ [ [ 75.8012789, 26.9276927 ], [ 75.8021468, 26.9280888 ], [ 75.8016195, 26.9289577 ], [ 75.8011978, 26.928768 ], [ 75.8010973, 26.9289209 ], [ 75.8008881, 26.928816 ], [ 75.8010605, 26.928521 ], [ 75.8008541, 26.9284254 ], [ 75.800876, 26.9283878 ], [ 75.8007138, 26.9283127 ], [ 75.8006882, 26.9283566 ], [ 75.8005619, 26.9282981 ], [ 75.8005772, 26.928272 ], [ 75.8004966, 26.9282347 ], [ 75.8009234, 26.9275158 ], [ 75.8011485, 26.9276135 ], [ 75.8011219, 26.9276716 ], [ 75.8012552, 26.9277297 ], [ 75.8012789, 26.9276927 ] ] ] ] } },
{ "type": "Feature", "properties": { "osm_way_id": "265217083", "landuse": "grass" }, "geometry": { "type": "MultiPolygon", "coordinates": [ [ [ [ 75.7984485, 26.9273356 ], [ 75.7989096, 26.9275421 ], [ 75.7991534, 26.9271094 ], [ 75.7986923, 26.9269029 ], [ 75.7984485, 26.9273356 ] ] ] ] } },
{ "type": "Feature", "properties": { "osm_way_id": "265217085", "landuse": "grass" }, "geometry": { "type": "MultiPolygon", "coordinates": [ [ [ [ 75.8002019, 26.9295953 ], [ 75.8004002, 26.9296927 ], [ 75.8005026, 26.9295268 ], [ 75.8003035, 26.9294322 ], [ 75.8002019, 26.9295953 ] ] ] ] } },
{ "type": "Feature", "properties": { "osm_way_id": "265217086", "landuse": "grass" }, "geometry": { "type": "MultiPolygon", "coordinates": [ [ [ [ 75.7941885, 26.9308996 ], [ 75.7942991, 26.9309544 ], [ 75.7943246, 26.9309049 ], [ 75.794357, 26.9308486 ], [ 75.7944512, 26.9308901 ], [ 75.7944713, 26.9308396 ], [ 75.794268, 26.9307558 ], [ 75.7941885, 26.9308996 ] ] ] ] } },
{ "type": "Feature", "properties": { "osm_way_id": "265217088", "landuse": "grass" }, "geometry": { "type": "MultiPolygon", "coordinates": [ [ [ [ 75.8007722, 26.930649 ], [ 75.8009523, 26.9303622 ], [ 75.8010535, 26.9304289 ], [ 75.8012133, 26.9302287 ], [ 75.8015795, 26.9303911 ], [ 75.8010064, 26.9307783 ], [ 75.8007722, 26.930649 ] ] ] ] } },
{ "type": "Feature", "properties": { "osm_way_id": "265217089", "landuse": "grass" }, "geometry": { "type": "MultiPolygon", "coordinates": [ [ [ [ 75.7997758, 26.929858 ], [ 75.7998648, 26.9296953 ], [ 75.8000267, 26.929769 ], [ 75.7999805, 26.9298354 ], [ 75.7999457, 26.9298162 ], [ 75.799882, 26.929912 ], [ 75.7997758, 26.929858 ] ] ] ] } },
{ "type": "Feature", "properties": { "osm_way_id": "265217090", "landuse": "grass" }, "geometry": { "type": "MultiPolygon", "coordinates": [ [ [ [ 75.8005457, 26.9297579 ], [ 75.8006569, 26.9298085 ], [ 75.8006883, 26.9297477 ], [ 75.8006435, 26.9297275 ], [ 75.800661, 26.9296968 ], [ 75.8005918, 26.9296673 ], [ 75.8005457, 26.9297579 ] ] ] ] } },
{ "type": "Feature", "properties": { "osm_way_id": "265217091", "landuse": "grass" }, "geometry": { "type": "MultiPolygon", "coordinates": [ [ [ [ 75.8008775, 26.9299167 ], [ 75.8010454, 26.9299924 ], [ 75.8010956, 26.9299107 ], [ 75.800992, 26.929868 ], [ 75.8010313, 26.9297923 ], [ 75.8009665, 26.9297652 ], [ 75.8008775, 26.9299167 ] ] ] ] } },
{ "type": "Feature", "properties": { "osm_way_id": "265217093", "landuse": "grass" }, "geometry": { "type": "MultiPolygon", "coordinates": [ [ [ [ 75.7933728, 26.9288412 ], [ 75.7933439, 26.9286542 ], [ 75.7938926, 26.9282435 ], [ 75.793958, 26.928684 ], [ 75.7937573, 26.928707 ], [ 75.7937479, 26.9287708 ], [ 75.7937406, 26.9288154 ], [ 75.7933728, 26.9288412 ] ] ] ] } },
{ "type": "Feature", "properties": { "osm_way_id": "265217095", "landuse": "grass" }, "geometry": { "type": "MultiPolygon", "coordinates": [ [ [ [ 75.7990243, 26.9277254 ], [ 75.7991149, 26.9275657 ], [ 75.7991869, 26.9276023 ], [ 75.7993165, 26.9274032 ], [ 75.7997454, 26.9276038 ], [ 75.7995887, 26.9278516 ], [ 75.799521, 26.9278189 ], [ 75.7994508, 26.9279333 ], [ 75.7990243, 26.9277254 ] ] ] ] } },
{ "type": "Feature", "properties": { "osm_way_id": "265217096", "landuse": "grass" }, "geometry": { "type": "MultiPolygon", "coordinates": [ [ [ [ 75.8045696, 26.9314061 ], [ 75.8045142, 26.9313335 ], [ 75.8050225, 26.930738 ], [ 75.8050681, 26.9307351 ], [ 75.8050812, 26.9311534 ], [ 75.8050551, 26.9311998 ], [ 75.8047228, 26.9313916 ], [ 75.8046152, 26.9314206 ], [ 75.8045696, 26.9314061 ] ] ] ] } },
{ "type": "Feature", "properties": { "osm_way_id": "265217098", "landuse": "grass" }, "geometry": { "type": "MultiPolygon", "coordinates": [ [ [ [ 75.7999893, 26.9295108 ], [ 75.8001471, 26.9295758 ], [ 75.8005699, 26.9289318 ], [ 75.800398, 26.9288597 ], [ 75.8004517, 26.9287602 ], [ 75.800323, 26.9286885 ], [ 75.8000057, 26.9292511 ], [ 75.8001345, 26.9293096 ], [ 75.7999893, 26.9295108 ] ] ] ] } },
{ "type": "Feature", "properties": { "osm_way_id": "265217103", "leisure": "garden" }, "geometry": { "type": "MultiPolygon", "coordinates": [ [ [ [ 75.793426, 26.929161 ], [ 75.7937869, 26.9291339 ], [ 75.7937406, 26.9288154 ], [ 75.7933728, 26.9288412 ], [ 75.793426, 26.929161 ] ] ] ] } },
{ "type": "Feature", "properties": { "osm_way_id": "272783001", "name": "Ram Niwas Public Gardens", "leisure": "park", "other_tags": "\"name:etymology:wikidata\"=>\"Q18707728\",\"wikidata\"=>\"Q2770471\"" }, "geometry": { "type": "MultiPolygon", "coordinates": [ [ [ [ 75.8188024, 26.9160974 ], [ 75.8238664, 26.9149877 ], [ 75.8227292, 26.9110461 ], [ 75.8210458, 26.9112434 ], [ 75.8209529, 26.9105471 ], [ 75.8205061, 26.9098399 ], [ 75.8199477, 26.9079675 ], [ 75.8155136, 26.908585 ], [ 75.8169767, 26.9152279 ], [ 75.8173341, 26.9155765 ], [ 75.8181941, 26.9160844 ], [ 75.8188024, 26.9160974 ] ] ] ] } },
{ "type": "Feature", "properties": { "osm_way_id": "370170804", "name": "Kanak Vrindawan Park , Jaipur", "leisure": "garden", "tourism": "picnic_site", "other_tags": "\"access\"=>\"customers\",\"opening_hours\"=>\"09:00-19:00\",\"operator\"=>\"Nagarn Nigam\"" }, "geometry": { "type": "MultiPolygon", "coordinates": [ [ [ [ 75.8480554, 26.9628991 ], [ 75.8490117, 26.9628991 ], [ 75.8490117, 26.9641109 ], [ 75.8480554, 26.9641109 ], [ 75.8480554, 26.9635755 ], [ 75.8480554, 26.9634866 ], [ 75.8480554, 26.9628991 ] ] ] ] } },
{ "type": "Feature", "properties": { "osm_way_id": "370170806", "name": "Kanak Ghathi Park , Jaipur", "leisure": "park", "other_tags": "\"addr:city\"=>\"Jaipur\",\"addr:postcode\"=>\"302002\",\"addr:street\"=>\"Amer Road\",\"opening_hours\"=>\"Mo-Su 06:00-22:00\",\"operator\"=>\"Nagar Nigam\"" }, "geometry": { "type": "MultiPolygon", "coordinates": [ [ [ [ 75.8478419, 26.9648742 ], [ 75.8487171, 26.9647343 ], [ 75.8489018, 26.9659027 ], [ 75.8482204, 26.9660048 ], [ 75.8479453, 26.9654074 ], [ 75.8478419, 26.9648742 ] ] ] ] } },
{ "type": "Feature", "properties": { "osm_way_id": "370170825", "name": "Jawahar Circle", "leisure": "park", "other_tags": "\"addr:city\"=>\"Jaipur\",\"addr:country\"=>\"IN\",\"addr:state\"=>\"Rajasthan\",\"addr:street\"=>\"JLN Road\",\"wikidata\"=>\"Q6165899\"" }, "geometry": { "type": "MultiPolygon", "coordinates": [ [ [ [ 75.8004687, 26.837876 ], [ 75.8000616, 26.8379902 ], [ 75.7996873, 26.8381732 ], [ 75.7993602, 26.8384178 ], [ 75.7990928, 26.8387146 ], [ 75.7988955, 26.8390522 ], [ 75.7987758, 26.8394178 ], [ 75.7987383, 26.8397971 ], [ 75.7987845, 26.8401757 ], [ 75.7989125, 26.8405389 ], [ 75.7991176, 26.8408729 ], [ 75.7993917, 26.8411648 ], [ 75.7997243, 26.8414033 ], [ 75.8001027, 26.8415794 ], [ 75.8005124, 26.8416862 ], [ 75.8009375, 26.8417196 ], [ 75.8013618, 26.8416784 ], [ 75.8017806, 26.8416082 ], [ 75.8021996, 26.8414105 ], [ 75.8024703, 26.8411367 ], [ 75.8027377, 26.8408398 ], [ 75.802935, 26.8405022 ], [ 75.8030547, 26.8401367 ], [ 75.8030922, 26.8397573 ], [ 75.803046, 26.8393788 ], [ 75.802918, 26.8390155 ], [ 75.8027129, 26.8386815 ], [ 75.8024388, 26.8383896 ], [ 75.8021062, 26.8381511 ], [ 75.8017277, 26.837975 ], [ 75.8013181, 26.8378682 ], [ 75.800893, 26.8378348 ], [ 75.8004687, 26.837876 ] ] ] ] } },
{ "type": "Feature", "properties": { "osm_way_id": "375062521", "name": "Adarsh Nagar Park", "leisure": "park" }, "geometry": { "type": "MultiPolygon", "coordinates": [ [ [ [ 75.8284874, 26.9011635 ], [ 75.8284282, 26.9012572 ], [ 75.8284138, 26.901364 ], [ 75.8284463, 26.9014675 ], [ 75.8285207, 26.9015521 ], [ 75.8286257, 26.9016048 ], [ 75.8287454, 26.9016177 ], [ 75.8288615, 26.9015887 ], [ 75.8289564, 26.9015224 ], [ 75.8290155, 26.9014287 ], [ 75.8290299, 26.9013219 ], [ 75.8289975, 26.9012184 ], [ 75.828923, 26.9011338 ], [ 75.828818, 26.9010811 ], [ 75.8286983, 26.9010682 ], [ 75.8285822, 26.9010972 ], [ 75.8284874, 26.9011635 ] ] ] ] } },
{ "type": "Feature", "properties": { "osm_way_id": "375496147", "name": "Shri Bhagwan Parshuram Circle", "landuse": "grass" }, "geometry": { "type": "MultiPolygon", "coordinates": [ [ [ [ 75.7743053, 26.965574 ], [ 75.7742461, 26.9655199 ], [ 75.7741681, 26.9654902 ], [ 75.7740834, 26.9654894 ], [ 75.7740047, 26.9655175 ], [ 75.7739441, 26.9655703 ], [ 75.7739107, 26.9656397 ], [ 75.7739098, 26.9657153 ], [ 75.7739413, 26.9657854 ], [ 75.7740006, 26.9658394 ], [ 75.7740785, 26.9658691 ], [ 75.7741633, 26.96587 ], [ 75.7742419, 26.9658419 ], [ 75.7743025, 26.9657891 ], [ 75.7743359, 26.9657196 ], [ 75.7743368, 26.9656441 ], [ 75.7743053, 26.965574 ] ] ] ] } },
{ "type": "Feature", "properties": { "osm_way_id": "375734748", "natural": "wood" }, "geometry": { "type": "MultiPolygon", "coordinates": [ [ [ [ 75.809438, 26.9128264 ], [ 75.8092457, 26.9124087 ], [ 75.8094998, 26.9123351 ], [ 75.809911, 26.9126539 ], [ 75.809438, 26.9128264 ] ] ] ] } },
{ "type": "Feature", "properties": { "osm_way_id": "375734974", "landuse": "grass" }, "geometry": { "type": "MultiPolygon", "coordinates": [ [ [ [ 75.8097643, 26.9123814 ], [ 75.8097821, 26.9122923 ], [ 75.8098809, 26.9122441 ], [ 75.8096966, 26.9118937 ], [ 75.8097574, 26.9118615 ], [ 75.8096795, 26.9116751 ], [ 75.8097169, 26.9116608 ], [ 75.8097389, 26.9116524 ], [ 75.8097889, 26.9116333 ], [ 75.8101677, 26.9114901 ], [ 75.8101985, 26.9114781 ], [ 75.8103339, 26.9114253 ], [ 75.8108311, 26.9126308 ], [ 75.8103283, 26.9128054 ], [ 75.8097643, 26.9123814 ] ] ] ] } },
{ "type": "Feature", "properties": { "osm_way_id": "375890689", "natural": "scrub" }, "geometry": { "type": "MultiPolygon", "coordinates": [ [ [ [ 75.7716411, 27.0196884 ], [ 75.7702751, 27.0186255 ], [ 75.7699638, 27.0168848 ], [ 75.770569, 27.0168848 ], [ 75.7704423, 27.01634 ], [ 75.7702405, 27.0156216 ], [ 75.7711915, 27.01556 ], [ 75.7720042, 27.0169772 ], [ 75.7727477, 27.0172237 ], [ 75.7730244, 27.0143893 ], [ 75.7751167, 27.0149438 ], [ 75.7765518, 27.0161762 ], [ 75.7788862, 27.016931 ], [ 75.7804078, 27.0171929 ], [ 75.7716411, 27.0196884 ] ] ] ] } },
{ "type": "Feature", "properties": { "osm_way_id": "375901167", "leisure": "garden" }, "geometry": { "type": "MultiPolygon", "coordinates": [ [ [ [ 75.8257109, 26.9314118 ], [ 75.8236983, 26.9318232 ], [ 75.8232205, 26.9299774 ], [ 75.8237399, 26.9298631 ], [ 75.8252421, 26.9295607 ], [ 75.8257109, 26.9314118 ] ] ] ] } },
{ "type": "Feature", "properties": { "osm_way_id": "375901168", "name": "Pondrik Park", "leisure": "park" }, "geometry": { "type": "MultiPolygon", "coordinates": [ [ [ [ 75.82441, 26.9345234 ], [ 75.8269138, 26.9339522 ], [ 75.8271273, 26.9347895 ], [ 75.8251716, 26.9352713 ], [ 75.8250147, 26.9354112 ], [ 75.8247985, 26.9354938 ], [ 75.8247702, 26.9354227 ], [ 75.824639, 26.9354456 ], [ 75.82441, 26.9345234 ] ] ] ] } },
{ "type": "Feature", "properties": { "osm_way_id": "379562566", "landuse": "grass" }, "geometry": { "type": "MultiPolygon", "coordinates": [ [ [ [ 75.8015741, 26.9172554 ], [ 75.8015329, 26.9172647 ], [ 75.8015046, 26.9172804 ], [ 75.8014771, 26.9173093 ], [ 75.8014621, 26.9173462 ], [ 75.8014616, 26.9173791 ], [ 75.8014745, 26.9174152 ], [ 75.8014884, 26.9174338 ], [ 75.8015207, 26.9174584 ], [ 75.8015537, 26.9174704 ], [ 75.8015961, 26.9174729 ], [ 75.8016296, 26.9174653 ], [ 75.801671, 26.9174402 ], [ 75.8016948, 26.9174087 ], [ 75.8017052, 26.917369 ], [ 75.8016996, 26.9173314 ], [ 75.8016858, 26.9173051 ], [ 75.8016638, 26.9172824 ], [ 75.8016275, 26.9172627 ], [ 75.8015741, 26.9172554 ] ] ] ] } },
{ "type": "Feature", "properties": { "osm_way_id": "384560095", "natural": "scrub" }, "geometry": { "type": "MultiPolygon", "coordinates": [ [ [ [ 75.8872509, 27.0170883 ], [ 75.8889881, 27.0165826 ], [ 75.8888161, 27.0161127 ], [ 75.8899628, 27.0156989 ], [ 75.8903871, 27.0156581 ], [ 75.8904845, 27.0155304 ], [ 75.8905877, 27.0153567 ], [ 75.8905992, 27.0152188 ], [ 75.8908228, 27.0150707 ], [ 75.8910636, 27.0149532 ], [ 75.8911726, 27.0149123 ], [ 75.8911955, 27.0147693 ], [ 75.8911668, 27.0143913 ], [ 75.8909891, 27.0140644 ], [ 75.8917574, 27.0138244 ], [ 75.8921874, 27.0149941 ], [ 75.8929843, 27.0147693 ], [ 75.8935921, 27.0143147 ], [ 75.893446, 27.01377 ], [ 75.8933854, 27.0135097 ], [ 75.8934523, 27.0129378 ], [ 75.8933455, 27.0126546 ], [ 75.8932595, 27.0121745 ], [ 75.8931678, 27.0119191 ], [ 75.8934315, 27.0114798 ], [ 75.8942629, 27.0119855 ], [ 75.8952032, 27.0111835 ], [ 75.8955357, 27.0121592 ], [ 75.8954899, 27.0128385 ], [ 75.8958568, 27.0134668 ], [ 75.8967627, 27.0146569 ], [ 75.8955185, 27.0158726 ], [ 75.8945954, 27.0167716 ], [ 75.8946413, 27.0169146 ], [ 75.89467, 27.017027 ], [ 75.8943661, 27.0175786 ], [ 75.8946241, 27.0181558 ], [ 75.8948592, 27.018498 ], [ 75.8952433, 27.0192284 ], [ 75.8954727, 27.0195093 ], [ 75.8956103, 27.019872 ], [ 75.8832031, 27.0186104 ], [ 75.8837305, 27.0189219 ], [ 75.8842236, 27.0191211 ], [ 75.8846766, 27.0193357 ], [ 75.8850492, 27.0196217 ], [ 75.8852556, 27.0198873 ], [ 75.8871247, 27.0199384 ], [ 75.8865514, 27.0184622 ], [ 75.887463, 27.0182733 ], [ 75.8872509, 27.0170883 ] ] ] ] } },
{ "type": "Feature", "properties": { "osm_way_id": "384560111", "landuse": "grass" }, "geometry": { "type": "MultiPolygon", "coordinates": [ [ [ [ 75.8765071, 26.9975957 ], [ 75.8768635, 26.9974862 ], [ 75.8773692, 26.9973309 ], [ 75.8770416, 26.9965737 ], [ 75.8769484, 26.9963583 ], [ 75.876616, 26.9964553 ], [ 75.8766895, 26.9971474 ], [ 75.8764924, 26.9971815 ], [ 75.8765071, 26.9975957 ] ] ] ] } },
{ "type": "Feature", "properties": { "osm_way_id": "386782976", "natural": "scrub" }, "geometry": { "type": "MultiPolygon", "coordinates": [ [ [ [ 75.9059981, 26.9120448 ], [ 75.9038524, 26.9151425 ], [ 75.9031657, 26.9174768 ], [ 75.9029082, 26.9193518 ], [ 75.9033803, 26.9227956 ], [ 75.9025649, 26.9248236 ], [ 75.9021787, 26.926928 ], [ 75.9021787, 26.9287646 ], [ 75.9032086, 26.9302951 ], [ 75.9045519, 26.9306949 ], [ 75.9062127, 26.9299125 ], [ 75.9084443, 26.9299125 ], [ 75.9090022, 26.9120448 ], [ 75.9076418, 26.911333 ], [ 75.9069248, 26.9111092 ], [ 75.9067835, 26.9110651 ], [ 75.9059981, 26.9120448 ] ] ] ] } },
{ "type": "Feature", "properties": { "osm_way_id": "386793452", "name": "Parshuram Park", "leisure": "park" }, "geometry": { "type": "MultiPolygon", "coordinates": [ [ [ [ 75.7997027, 26.945331 ], [ 75.8000295, 26.9454571 ], [ 75.8004358, 26.944621 ], [ 75.800109, 26.9444948 ], [ 75.7997027, 26.945331 ] ] ] ] } },
{ "type": "Feature", "properties": { "osm_way_id": "386793487", "leisure": "park" }, "geometry": { "type": "MultiPolygon", "coordinates": [ [ [ [ 75.7758916, 26.9547118 ], [ 75.7763637, 26.9544943 ], [ 75.7759533, 26.9538009 ], [ 75.775542, 26.9539782 ], [ 75.7755188, 26.9540233 ], [ 75.7755151, 26.9540738 ], [ 75.7755295, 26.9541069 ], [ 75.7758916, 26.9547118 ] ] ] ] } },
{ "type": "Feature", "properties": { "osm_way_id": "386793509", "name": "Ajay Park", "leisure": "park" }, "geometry": { "type": "MultiPolygon", "coordinates": [ [ [ [ 75.7846572, 26.9647886 ], [ 75.7842924, 26.9641623 ], [ 75.7853562, 26.9636511 ], [ 75.7848674, 26.9628164 ], [ 75.7851774, 26.962673 ], [ 75.7860036, 26.9641479 ], [ 75.7846572, 26.9647886 ] ] ] ] } },
{ "type": "Feature", "properties": { "osm_way_id": "386793513", "landuse": "grass" }, "geometry": { "type": "MultiPolygon", "coordinates": [ [ [ [ 75.7831979, 26.9622068 ], [ 75.7828993, 26.9617482 ], [ 75.783096, 26.9615876 ], [ 75.7842413, 26.9610473 ], [ 75.7845444, 26.9615733 ], [ 75.7831979, 26.9622068 ] ] ] ] } },
{ "type": "Feature", "properties": { "osm_way_id": "386793558", "name": "Narayan Park", "leisure": "park", "other_tags": "\"opening_hours\"=>\"24/7\"" }, "geometry": { "type": "MultiPolygon", "coordinates": [ [ [ [ 75.7742286, 26.9527585 ], [ 75.7744181, 26.9530625 ], [ 75.7744298, 26.9531602 ], [ 75.7743806, 26.9539949 ], [ 75.7744378, 26.9541285 ], [ 75.7749867, 26.9539017 ], [ 75.7752335, 26.9543201 ], [ 75.7754705, 26.9542145 ], [ 75.7744512, 26.9526222 ], [ 75.7742286, 26.9527585 ] ] ] ] } },
{ "type": "Feature", "properties": { "osm_way_id": "386793598", "landuse": "grass" }, "geometry": { "type": "MultiPolygon", "coordinates": [ [ [ [ 75.7840401, 26.9666629 ], [ 75.784134, 26.9666199 ], [ 75.7837415, 26.965939 ], [ 75.7834447, 26.9648533 ], [ 75.7830039, 26.96395 ], [ 75.7829046, 26.9639978 ], [ 75.7832184, 26.9645452 ], [ 75.7833445, 26.9649253 ], [ 75.7836512, 26.9660533 ], [ 75.7840401, 26.9666629 ] ] ] ] } },
{ "type": "Feature", "properties": { "osm_way_id": "394056630", "name": "Public Park , jaipur", "leisure": "park" }, "geometry": { "type": "MultiPolygon", "coordinates": [ [ [ [ 75.816267, 26.9124202 ], [ 75.8159309, 26.9111791 ], [ 75.8180354, 26.9107258 ], [ 75.8183716, 26.911967 ], [ 75.816267, 26.9124202 ] ] ] ] } },
{ "type": "Feature", "properties": { "osm_way_id": "397083671", "name": "Jyoti Nagar Park", "leisure": "park" }, "geometry": { "type": "MultiPolygon", "coordinates": [ [ [ [ 75.7943755, 26.8934352 ], [ 75.7943378, 26.8939058 ], [ 75.7948826, 26.8939364 ], [ 75.7949649, 26.8938814 ], [ 75.7946942, 26.8934535 ], [ 75.7945845, 26.8934474 ], [ 75.7943755, 26.8934352 ] ] ] ] } },
{ "type": "Feature", "properties": { "osm_way_id": "397085648", "leisure": "garden" }, "geometry": { "type": "MultiPolygon", "coordinates": [ [ [ [ 75.8091972, 26.8969014 ], [ 75.8097694, 26.8978671 ], [ 75.8090293, 26.8982307 ], [ 75.8090038, 26.898236 ], [ 75.8089777, 26.8982351 ], [ 75.8089528, 26.8982281 ], [ 75.8089309, 26.8982154 ], [ 75.8088384, 26.8980581 ], [ 75.8088315, 26.8980336 ], [ 75.8088469, 26.8980138 ], [ 75.8088778, 26.8979939 ], [ 75.8088743, 26.8979679 ], [ 75.8086208, 26.8975324 ], [ 75.8085402, 26.8975661 ], [ 75.8083672, 26.8972895 ], [ 75.8091972, 26.8969014 ] ] ] ] } },
{ "type": "Feature", "properties": { "osm_way_id": "397085650", "leisure": "garden" }, "geometry": { "type": "MultiPolygon", "coordinates": [ [ [ [ 75.8080965, 26.8972818 ], [ 75.8076626, 26.8965742 ], [ 75.80671, 26.8970387 ], [ 75.8071439, 26.8977464 ], [ 75.8080965, 26.8972818 ] ] ] ] } },
{ "type": "Feature", "properties": { "osm_way_id": "398475135", "leisure": "park" }, "geometry": { "type": "MultiPolygon", "coordinates": [ [ [ [ 75.832463, 26.9022195 ], [ 75.832645, 26.9026885 ], [ 75.8331689, 26.9025269 ], [ 75.8329869, 26.9020578 ], [ 75.832463, 26.9022195 ] ] ] ] } },
{ "type": "Feature", "properties": { "osm_way_id": "442860839", "name": "Central Park", "leisure": "park" }, "geometry": { "type": "MultiPolygon", "coordinates": [ [ [ [ 75.8067366, 26.9047861 ], [ 75.8075815, 26.9064094 ], [ 75.8139127, 26.9038413 ], [ 75.8135257, 26.9020069 ], [ 75.8109349, 26.9029205 ], [ 75.8111594, 26.9034143 ], [ 75.8100969, 26.9037746 ], [ 75.8098427, 26.9033886 ], [ 75.807861, 26.903992 ], [ 75.8067366, 26.9047861 ] ] ] ] } },
{ "type": "Feature", "properties": { "osm_way_id": "458317715", "leisure": "park" }, "geometry": { "type": "MultiPolygon", "coordinates": [ [ [ [ 75.7762591, 26.9464942 ], [ 75.776533, 26.9464309 ], [ 75.7765488, 26.9461451 ], [ 75.776235, 26.9461427 ], [ 75.7762591, 26.9464942 ] ] ] ] } },
{ "type": "Feature", "properties": { "osm_way_id": "459133529", "name": "Kanwar Kanan Park", "leisure": "park" }, "geometry": { "type": "MultiPolygon", "coordinates": [ [ [ [ 75.7893574, 26.9331762 ], [ 75.7886852, 26.9332813 ], [ 75.7885935, 26.9328151 ], [ 75.7892657, 26.93271 ], [ 75.7893574, 26.9331762 ] ] ] ] } },
{ "type": "Feature", "properties": { "osm_way_id": "459515002", "natural": "wood" }, "geometry": { "type": "MultiPolygon", "coordinates": [ [ [ [ 75.7869558, 26.9811103 ], [ 75.7867705, 26.9798442 ], [ 75.7867383, 26.978171 ], [ 75.7866079, 26.9772546 ], [ 75.7873482, 26.977006 ], [ 75.7870585, 26.9761167 ], [ 75.7850431, 26.9764786 ], [ 75.7850844, 26.9758681 ], [ 75.7856869, 26.9751209 ], [ 75.7857405, 26.9740213 ], [ 75.7853543, 26.9736771 ], [ 75.7857711, 26.973124 ], [ 75.786168, 26.9730953 ], [ 75.7865022, 26.9730269 ], [ 75.7878096, 26.9714506 ], [ 75.7886142, 26.9693374 ], [ 75.7883691, 26.9689248 ], [ 75.7881438, 26.9688866 ], [ 75.7884426, 26.967884 ], [ 75.7891523, 26.9679782 ], [ 75.7893668, 26.9673949 ], [ 75.7924122, 26.9655891 ], [ 75.790627, 26.9746196 ], [ 75.797444, 26.9757015 ], [ 75.7974897, 26.975953 ], [ 75.7982361, 26.9800631 ], [ 75.7977633, 26.9800775 ], [ 75.7879812, 26.9802664 ], [ 75.7877631, 26.9810931 ], [ 75.7869558, 26.9811103 ] ] ] ] } },
{ "type": "Feature", "properties": { "osm_way_id": "459515011", "natural": "scrub" }, "geometry": { "type": "MultiPolygon", "coordinates": [ [ [ [ 75.787264, 26.9902554 ], [ 75.7886893, 26.9905824 ], [ 75.7897638, 26.9919667 ], [ 75.789399, 26.9923108 ], [ 75.7889484, 26.9924256 ], [ 75.7886373, 26.9923395 ], [ 75.7882816, 26.9921215 ], [ 75.7879828, 26.9921196 ], [ 75.7876073, 26.991938 ], [ 75.7873927, 26.9913739 ], [ 75.7872962, 26.9910967 ], [ 75.7872946, 26.9907066 ], [ 75.787264, 26.9902554 ] ] ] ] } },
{ "type": "Feature", "properties": { "osm_way_id": "459515012", "leisure": "park" }, "geometry": { "type": "MultiPolygon", "coordinates": [ [ [ [ 75.7765799, 26.9974251 ], [ 75.7772379, 26.9973824 ], [ 75.7772754, 26.9956473 ], [ 75.7770233, 26.9956616 ], [ 75.7765799, 26.9974251 ] ] ] ] } },
{ "type": "Feature", "properties": { "osm_way_id": "459515028", "name": "Smriti Park", "leisure": "park", "other_tags": "\"addr:street\"=>\"Vidhyadhar Nagar\"" }, "geometry": { "type": "MultiPolygon", "coordinates": [ [ [ [ 75.7726889, 26.9710305 ], [ 75.7744875, 26.9712024 ], [ 75.7753898, 26.9712887 ], [ 75.7771896, 26.9714775 ], [ 75.7773151, 26.9715134 ], [ 75.7773803, 26.9715819 ], [ 75.7774242, 26.9716488 ], [ 75.7774203, 26.9717142 ], [ 75.7773479, 26.9717142 ], [ 75.7771102, 26.9717016 ], [ 75.7763206, 26.9716975 ], [ 75.7725531, 26.9719861 ], [ 75.7725843, 26.9712122 ], [ 75.7725896, 26.971162 ], [ 75.772603, 26.9711285 ], [ 75.7726111, 26.9711022 ], [ 75.7726299, 26.9710783 ], [ 75.7726406, 26.9710592 ], [ 75.7726889, 26.9710305 ] ] ] ] } },
{ "type": "Feature", "properties": { "osm_way_id": "461300954", "leisure": "park" }, "geometry": { "type": "MultiPolygon", "coordinates": [ [ [ [ 75.7714176, 26.9772464 ], [ 75.7713451, 26.9770193 ], [ 75.7718977, 26.9768568 ], [ 75.7719433, 26.9770169 ], [ 75.7718574, 26.9770336 ], [ 75.7718895, 26.977172 ], [ 75.7714176, 26.9772464 ] ] ] ] } },
{ "type": "Feature", "properties": { "osm_way_id": "461300957", "name": "BR Ambedkar Park", "leisure": "park", "other_tags": "\"name:etymology:wikidata\"=>\"Q231690\"" }, "geometry": { "type": "MultiPolygon", "coordinates": [ [ [ [ 75.769344, 26.9787615 ], [ 75.7692663, 26.9783073 ], [ 75.769513, 26.9782762 ], [ 75.7697325, 26.9783103 ], [ 75.7696504, 26.9787331 ], [ 75.769344, 26.9787615 ] ] ] ] } },
{ "type": "Feature", "properties": { "osm_way_id": "461300966", "leisure": "park" }, "geometry": { "type": "MultiPolygon", "coordinates": [ [ [ [ 75.8277224, 26.8540915 ], [ 75.8276902, 26.8545988 ], [ 75.8276634, 26.8549386 ], [ 75.8287309, 26.8550104 ], [ 75.8287202, 26.8548955 ], [ 75.8277975, 26.8548142 ], [ 75.8278297, 26.8546227 ], [ 75.8281784, 26.8546323 ], [ 75.8281929, 26.8544739 ], [ 75.8282052, 26.8543404 ], [ 75.827835, 26.8542973 ], [ 75.8278565, 26.8541011 ], [ 75.8284734, 26.854125 ], [ 75.8284788, 26.8536847 ], [ 75.8277438, 26.8536512 ], [ 75.8277224, 26.8540915 ] ] ] ] } },
{ "type": "Feature", "properties": { "osm_way_id": "469642412", "name": "Neel Padam Sarovar Park", "leisure": "park" }, "geometry": { "type": "MultiPolygon", "coordinates": [ [ [ [ 75.7386744, 26.9100199 ], [ 75.7387285, 26.9088969 ], [ 75.7397247, 26.9087885 ], [ 75.739655, 26.9100609 ], [ 75.7386744, 26.9100199 ] ] ] ] } },
{ "type": "Feature", "properties": { "osm_way_id": "486043964", "name": "geejgarj park", "leisure": "park" }, "geometry": { "type": "MultiPolygon", "coordinates": [ [ [ [ 75.7843283, 26.9011193 ], [ 75.7844119, 26.9008593 ], [ 75.7845101, 26.9006323 ], [ 75.7845782, 26.9012108 ], [ 75.7843283, 26.9011193 ] ] ] ] } },
{ "type": "Feature", "properties": { "osm_way_id": "486394266", "name": "Indoor park", "leisure": "park" }, "geometry": { "type": "MultiPolygon", "coordinates": [ [ [ [ 75.7915869, 26.9303436 ], [ 75.7929414, 26.9293704 ], [ 75.7930299, 26.9297362 ], [ 75.792641, 26.9303078 ], [ 75.7925176, 26.9303484 ], [ 75.7923406, 26.9303652 ], [ 75.792236, 26.9304154 ], [ 75.7920455, 26.930401 ], [ 75.7917156, 26.9304656 ], [ 75.7915869, 26.9303436 ] ] ] ] } },
{ "type": "Feature", "properties": { "osm_way_id": "494265373", "name": "Colony Park", "leisure": "park" }, "geometry": { "type": "MultiPolygon", "coordinates": [ [ [ [ 75.8238053, 26.9347825 ], [ 75.8237704, 26.9346223 ], [ 75.8238603, 26.9346067 ], [ 75.8238925, 26.9347633 ], [ 75.8238053, 26.9347825 ] ] ] ] } },
{ "type": "Feature", "properties": { "osm_way_id": "495640991", "name": "Agarsen park", "leisure": "park" }, "geometry": { "type": "MultiPolygon", "coordinates": [ [ [ [ 75.7844923, 26.9664474 ], [ 75.785238, 26.9660841 ], [ 75.7841537, 26.9641596 ], [ 75.7833622, 26.9645041 ], [ 75.7836126, 26.9652473 ], [ 75.7837306, 26.9657302 ], [ 75.7838969, 26.9660793 ], [ 75.7842134, 26.965955 ], [ 75.7844923, 26.9664474 ] ] ] ] } },
{ "type": "Feature", "properties": { "osm_way_id": "504067453", "leisure": "park" }, "geometry": { "type": "MultiPolygon", "coordinates": [ [ [ [ 75.7750949, 26.9604293 ], [ 75.7761168, 26.95995 ], [ 75.7765996, 26.9607892 ], [ 75.7755643, 26.9613008 ], [ 75.7750949, 26.9604293 ] ] ] ] } },
{ "type": "Feature", "properties": { "osm_way_id": "546575490", "landuse": "grass" }, "geometry": { "type": "MultiPolygon", "coordinates": [ [ [ [ 75.804818, 26.8285112 ], [ 75.8048075, 26.8284899 ], [ 75.8047901, 26.8284725 ], [ 75.8047675, 26.8284608 ], [ 75.8047419, 26.8284559 ], [ 75.8047159, 26.8284582 ], [ 75.804692, 26.8284676 ], [ 75.8046726, 26.8284832 ], [ 75.8046594, 26.8285033 ], [ 75.8046538, 26.8285287 ], [ 75.8046582, 26.8285543 ], [ 75.8046722, 26.828577 ], [ 75.804694, 26.828594 ], [ 75.8047211, 26.8286034 ], [ 75.8047501, 26.8286039 ], [ 75.8047775, 26.8285956 ], [ 75.8048001, 26.8285794 ], [ 75.8048151, 26.8285572 ], [ 75.8048207, 26.8285344 ], [ 75.804818, 26.8285112 ] ] ] ] } },
{ "type": "Feature", "properties": { "osm_way_id": "546575491", "landuse": "grass" }, "geometry": { "type": "MultiPolygon", "coordinates": [ [ [ [ 75.8070564, 26.8287258 ], [ 75.8070459, 26.8287044 ], [ 75.8070285, 26.828687 ], [ 75.8070059, 26.8286753 ], [ 75.8069804, 26.8286704 ], [ 75.8069544, 26.8286728 ], [ 75.8069305, 26.8286822 ], [ 75.806911, 26.8286977 ], [ 75.8068978, 26.8287179 ], [ 75.8068922, 26.8287432 ], [ 75.8068966, 26.8287688 ], [ 75.8069106, 26.8287915 ], [ 75.8069324, 26.8288085 ], [ 75.8069595, 26.8288179 ], [ 75.8069885, 26.8288184 ], [ 75.8070159, 26.8288101 ], [ 75.8070385, 26.8287939 ], [ 75.8070536, 26.8287717 ], [ 75.8070591, 26.828749 ], [ 75.8070564, 26.8287258 ] ] ] ] } },
{ "type": "Feature", "properties": { "osm_way_id": "546575492", "leisure": "garden" }, "geometry": { "type": "MultiPolygon", "coordinates": [ [ [ [ 75.8030909, 26.8284329 ], [ 75.8032474, 26.8292583 ], [ 75.8033279, 26.8293318 ], [ 75.8042988, 26.8294108 ], [ 75.8043727, 26.8293531 ], [ 75.8044478, 26.8292304 ], [ 75.8045239, 26.829222 ], [ 75.8052714, 26.8292402 ], [ 75.805395, 26.8292644 ], [ 75.8054323, 26.829319 ], [ 75.8053921, 26.8294081 ], [ 75.8053143, 26.8294054 ], [ 75.8052855, 26.8295445 ], [ 75.8036271, 26.8295676 ], [ 75.8025537, 26.8296086 ], [ 75.8025661, 26.8295508 ], [ 75.8027154, 26.8281737 ], [ 75.8037941, 26.8282467 ], [ 75.8041711, 26.8281932 ], [ 75.8048773, 26.8281142 ], [ 75.8048942, 26.8282887 ], [ 75.8046877, 26.8282226 ], [ 75.8045285, 26.8282668 ], [ 75.8044099, 26.8283868 ], [ 75.8042949, 26.8285068 ], [ 75.8041551, 26.8285447 ], [ 75.8039498, 26.8285337 ], [ 75.8037976, 26.8285368 ], [ 75.8037552, 26.8285463 ], [ 75.8034968, 26.828521 ], [ 75.8034897, 26.82845 ], [ 75.8030909, 26.8284329 ] ] ] ] } },
{ "type": "Feature", "properties": { "osm_way_id": "554844588", "leisure": "garden" }, "geometry": { "type": "MultiPolygon", "coordinates": [ [ [ [ 75.7995263, 26.8953005 ], [ 75.7999053, 26.896041 ], [ 75.800007, 26.895982 ], [ 75.8000945, 26.8958968 ], [ 75.8001554, 26.8958025 ], [ 75.8001641, 26.8957101 ], [ 75.8001579, 26.895629 ], [ 75.8001024, 26.895482 ], [ 75.8000316, 26.8953955 ], [ 75.7999268, 26.8953254 ], [ 75.7998144, 26.8952855 ], [ 75.7996819, 26.8952691 ], [ 75.7995509, 26.8952897 ], [ 75.7995263, 26.8953005 ] ] ] ] } },
{ "type": "Feature", "properties": { "osm_way_id": "554844592", "leisure": "garden" }, "geometry": { "type": "MultiPolygon", "coordinates": [ [ [ [ 75.8042714, 26.8966332 ], [ 75.8050385, 26.8962537 ], [ 75.8049895, 26.896207 ], [ 75.8049106, 26.8961518 ], [ 75.8047996, 26.8961065 ], [ 75.8046956, 26.8961075 ], [ 75.8046057, 26.8961206 ], [ 75.8044467, 26.8961836 ], [ 75.8043567, 26.8962546 ], [ 75.8042883, 26.8963541 ], [ 75.8042544, 26.8964577 ], [ 75.8042483, 26.8965769 ], [ 75.8042714, 26.8966332 ] ] ] ] } },
{ "type": "Feature", "properties": { "osm_way_id": "562463591", "name": "sri ram colony park", "leisure": "park" }, "geometry": { "type": "MultiPolygon", "coordinates": [ [ [ [ 75.8040135, 26.9232375 ], [ 75.8044761, 26.9234539 ], [ 75.8046049, 26.9233523 ], [ 75.804157, 26.9229469 ], [ 75.8040148, 26.9230414 ], [ 75.8040135, 26.9232375 ] ] ] ] } },
{ "type": "Feature", "properties": { "osm_way_id": "575972373", "name": "dwarkadas park", "leisure": "park" }, "geometry": { "type": "MultiPolygon", "coordinates": [ [ [ [ 75.7740061, 26.8411112 ], [ 75.7740566, 26.8412004 ], [ 75.7770659, 26.8407876 ], [ 75.7771131, 26.8407287 ], [ 75.7769664, 26.8401441 ], [ 75.7768407, 26.8400503 ], [ 75.7743442, 26.8403802 ], [ 75.7740061, 26.8411112 ] ] ] ] } },
{ "type": "Feature", "properties": { "osm_way_id": "575974229", "name": "Rose Garden Ground", "leisure": "park", "other_tags": "\"addr:city\"=>\"Jaipur\",\"addr:housenumber\"=>\"Rose Garden\",\"addr:postcode\"=>\"302020\",\"addr:street\"=>\"Aravali Marg\",\"opening_hours\"=>\"Mo-Su,PH 05:30-22:00\"" }, "geometry": { "type": "MultiPolygon", "coordinates": [ [ [ [ 75.7678556, 26.859419 ], [ 75.7691261, 26.8592444 ], [ 75.768954, 26.8584029 ], [ 75.7688548, 26.8576064 ], [ 75.7676422, 26.8575928 ], [ 75.7678556, 26.859419 ] ] ] ] } },
{ "type": "Feature", "properties": { "osm_way_id": "576968257", "name": "Sector 72 Park", "leisure": "park" }, "geometry": { "type": "MultiPolygon", "coordinates": [ [ [ [ 75.7704552, 26.8559516 ], [ 75.7714685, 26.8558706 ], [ 75.771465, 26.8556719 ], [ 75.7707772, 26.8553752 ], [ 75.7704552, 26.8559516 ] ] ] ] } },
{ "type": "Feature", "properties": { "osm_way_id": "576968700", "name": "Sector 151 Park", "leisure": "park" }, "geometry": { "type": "MultiPolygon", "coordinates": [ [ [ [ 75.7741176, 26.8567461 ], [ 75.7741746, 26.8564277 ], [ 75.7738071, 26.8563753 ], [ 75.7737501, 26.8566938 ], [ 75.7741176, 26.8567461 ] ] ] ] } },
{ "type": "Feature", "properties": { "osm_way_id": "576968933", "name": "Sector 153 Park", "leisure": "park" }, "geometry": { "type": "MultiPolygon", "coordinates": [ [ [ [ 75.7743761, 26.8547904 ], [ 75.7751361, 26.8549174 ], [ 75.7753391, 26.8543406 ], [ 75.7744949, 26.8541156 ], [ 75.7743761, 26.8547904 ] ] ] ] } },
{ "type": "Feature", "properties": { "osm_way_id": "576969097", "leisure": "park" }, "geometry": { "type": "MultiPolygon", "coordinates": [ [ [ [ 75.7712997, 26.8547594 ], [ 75.7721946, 26.855133 ], [ 75.7722392, 26.8548064 ], [ 75.7714549, 26.8544553 ], [ 75.7712997, 26.8547594 ] ] ] ] } },
{ "type": "Feature", "properties": { "osm_way_id": "576969200", "name": "Sector 150 Park", "leisure": "park" }, "geometry": { "type": "MultiPolygon", "coordinates": [ [ [ [ 75.7735572, 26.8576357 ], [ 75.773983, 26.857599 ], [ 75.7740411, 26.8581341 ], [ 75.7733302, 26.8581955 ], [ 75.7732722, 26.8576603 ], [ 75.7735572, 26.8576357 ] ] ] ] } },
{ "type": "Feature", "properties": { "osm_way_id": "576969531", "name": "Central Park", "leisure": "park" }, "geometry": { "type": "MultiPolygon", "coordinates": [ [ [ [ 75.77134, 26.8533328 ], [ 75.7722587, 26.853791 ], [ 75.7723648, 26.853143 ], [ 75.7716617, 26.8528218 ], [ 75.77134, 26.8533328 ] ] ] ] } },
{ "type": "Feature", "properties": { "osm_way_id": "576971559", "name": "Sector 7 Public Park", "leisure": "park" }, "geometry": { "type": "MultiPolygon", "coordinates": [ [ [ [ 75.770494, 26.8583251 ], [ 75.7709413, 26.8582943 ], [ 75.770903, 26.8577955 ], [ 75.7704524, 26.8578228 ], [ 75.770494, 26.8583251 ] ] ] ] } },
{ "type": "Feature", "properties": { "osm_way_id": "576971575", "name": "Children Park", "leisure": "park" }, "geometry": { "type": "MultiPolygon", "coordinates": [ [ [ [ 75.7711957, 26.8573558 ], [ 75.7711562, 26.8568501 ], [ 75.7705978, 26.8568817 ], [ 75.7706527, 26.8574017 ], [ 75.7711957, 26.8573558 ] ] ] ] } },
{ "type": "Feature", "properties": { "osm_way_id": "576971716", "name": "Krishna Vihar Park", "leisure": "park" }, "geometry": { "type": "MultiPolygon", "coordinates": [ [ [ [ 75.7687482, 26.856038 ], [ 75.7693331, 26.8560385 ], [ 75.7693333, 26.8558428 ], [ 75.7687484, 26.8558423 ], [ 75.7687482, 26.856038 ] ] ] ] } },
{ "type": "Feature", "properties": { "osm_way_id": "576971880", "name": "Children Park", "leisure": "park" }, "geometry": { "type": "MultiPolygon", "coordinates": [ [ [ [ 75.7678167, 26.8560895 ], [ 75.7682906, 26.8560646 ], [ 75.7682839, 26.8558104 ], [ 75.7678333, 26.8558014 ], [ 75.7678167, 26.8560895 ] ] ] ] } },
{ "type": "Feature", "properties": { "osm_way_id": "576971958", "name": "Joggers Park", "leisure": "park" }, "geometry": { "type": "MultiPolygon", "coordinates": [ [ [ [ 75.7689651, 26.8554112 ], [ 75.7692589, 26.8554232 ], [ 75.7696651, 26.8547247 ], [ 75.7692212, 26.8545368 ], [ 75.7689819, 26.8549975 ], [ 75.7689651, 26.8554112 ] ] ] ] } },
{ "type": "Feature", "properties": { "osm_way_id": "576971988", "name": "Children Park", "leisure": "park" }, "geometry": { "type": "MultiPolygon", "coordinates": [ [ [ [ 75.7678589, 26.8550103 ], [ 75.7684947, 26.855012 ], [ 75.7685003, 26.8548585 ], [ 75.7685453, 26.8547256 ], [ 75.7680136, 26.8544771 ], [ 75.7678778, 26.8547598 ], [ 75.7678589, 26.8550103 ] ] ] ] } },
{ "type": "Feature", "properties": { "osm_way_id": "576972143", "name": "Kid Park", "leisure": "park" }, "geometry": { "type": "MultiPolygon", "coordinates": [ [ [ [ 75.7694091, 26.8554017 ], [ 75.7697361, 26.8554115 ], [ 75.7697875, 26.8554288 ], [ 75.7698693, 26.8552912 ], [ 75.7695435, 26.8551441 ], [ 75.7694091, 26.8554017 ] ] ] ] } },
{ "type": "Feature", "properties": { "osm_way_id": "577061684", "name": "Tagore Park", "leisure": "park" }, "geometry": { "type": "MultiPolygon", "coordinates": [ [ [ [ 75.7702136, 26.8592331 ], [ 75.7704095, 26.8592082 ], [ 75.7705461, 26.8591923 ], [ 75.7705717, 26.8595778 ], [ 75.77011, 26.8596591 ], [ 75.77007, 26.8592507 ], [ 75.7702136, 26.8592331 ] ] ] ] } },
{ "type": "Feature", "properties": { "osm_way_id": "577062104", "name": "Radhe Krishna Temple Park", "leisure": "park" }, "geometry": { "type": "MultiPolygon", "coordinates": [ [ [ [ 75.7720343, 26.8596865 ], [ 75.772787, 26.8596346 ], [ 75.7727589, 26.8593872 ], [ 75.7720101, 26.8594543 ], [ 75.7720343, 26.8596865 ] ] ] ] } },
{ "type": "Feature", "properties": { "osm_way_id": "577062586", "name": "Jaipur City Park", "leisure": "park", "other_tags": "\"access\"=>\"yes\",\"addr:city\"=>\"Jaipur\",\"addr:postcode\"=>\"302020\",\"addr:street\"=>\"VT Road\",\"email\"=>\"shivkeshmeena388@gmail.com\",\"opening_hours\"=>\"24/7\",\"operator\"=>\"Shiv_chandlai\",\"operator:type\"=>\"public\"" }, "geometry": { "type": "MultiPolygon", "coordinates": [ [ [ [ 75.7697405, 26.861674 ], [ 75.7700593, 26.8618085 ], [ 75.7699235, 26.8610265 ], [ 75.7696319, 26.86106 ], [ 75.7697405, 26.861674 ] ] ] ] } },
{ "type": "Feature", "properties": { "osm_way_id": "577062798", "name": "Children Park", "leisure": "park" }, "geometry": { "type": "MultiPolygon", "coordinates": [ [ [ [ 75.7679203, 26.8613824 ], [ 75.7690942, 26.861848 ], [ 75.7691973, 26.8615455 ], [ 75.7691381, 26.8611979 ], [ 75.7679203, 26.8613824 ] ] ] ] } },
{ "type": "Feature", "properties": { "osm_way_id": "577063010", "name": "Sapteshwar Park", "leisure": "park" }, "geometry": { "type": "MultiPolygon", "coordinates": [ [ [ [ 75.7709122, 26.8616564 ], [ 75.7708216, 26.8609319 ], [ 75.771456, 26.8608672 ], [ 75.771555, 26.8613628 ], [ 75.7712303, 26.8614232 ], [ 75.7709122, 26.8616564 ] ] ] ] } },
{ "type": "Feature", "properties": { "osm_way_id": "577063482", "name": "Surya Paramal Udhan", "leisure": "park" }, "geometry": { "type": "MultiPolygon", "coordinates": [ [ [ [ 75.7716577, 26.8520517 ], [ 75.7724271, 26.8523924 ], [ 75.7725084, 26.8519395 ], [ 75.7718449, 26.8516839 ], [ 75.7716577, 26.8520517 ] ] ] ] } },
{ "type": "Feature", "properties": { "osm_way_id": "577205348", "name": "Main Patel Marg Park", "leisure": "park" }, "geometry": { "type": "MultiPolygon", "coordinates": [ [ [ [ 75.767367, 26.853711 ], [ 75.7676384, 26.853839 ], [ 75.7679956, 26.8531297 ], [ 75.7677312, 26.8530193 ], [ 75.767367, 26.853711 ] ] ] ] } },
{ "type": "Feature", "properties": { "osm_way_id": "577205524", "name": "Chinmay Park", "leisure": "park" }, "geometry": { "type": "MultiPolygon", "coordinates": [ [ [ [ 75.7695199, 26.8525984 ], [ 75.7697015, 26.8526668 ], [ 75.7700881, 26.851989 ], [ 75.769911, 26.8519251 ], [ 75.7695199, 26.8525984 ] ] ] ] } },
{ "type": "Feature", "properties": { "osm_way_id": "577205603", "name": "Children Park", "leisure": "park" }, "geometry": { "type": "MultiPolygon", "coordinates": [ [ [ [ 75.7700432, 26.8528271 ], [ 75.7702561, 26.8529184 ], [ 75.7706593, 26.8522166 ], [ 75.7704308, 26.8521265 ], [ 75.7700432, 26.8528271 ] ] ] ] } },
{ "type": "Feature", "properties": { "osm_way_id": "577329225", "name": "Chawla Garden", "leisure": "park" }, "geometry": { "type": "MultiPolygon", "coordinates": [ [ [ [ 75.7735784, 26.8532795 ], [ 75.7742839, 26.853357 ], [ 75.7743093, 26.8532243 ], [ 75.7741117, 26.8532004 ], [ 75.7741273, 26.8530999 ], [ 75.7736245, 26.8530333 ], [ 75.7735784, 26.8532795 ] ] ] ] } },
{ "type": "Feature", "properties": { "osm_way_id": "577329289", "name": "Sector 9 Community Center", "leisure": "park" }, "geometry": { "type": "MultiPolygon", "coordinates": [ [ [ [ 75.770559, 26.8507712 ], [ 75.7704001, 26.8510815 ], [ 75.7699879, 26.8509135 ], [ 75.7701468, 26.8506032 ], [ 75.770559, 26.8507712 ] ] ] ] } },
{ "type": "Feature", "properties": { "osm_way_id": "577329489", "name": "Children Park", "leisure": "park" }, "geometry": { "type": "MultiPolygon", "coordinates": [ [ [ [ 75.7686584, 26.8509351 ], [ 75.7688701, 26.8505196 ], [ 75.7697083, 26.8508558 ], [ 75.769485, 26.8512884 ], [ 75.7686854, 26.8509466 ], [ 75.7686584, 26.8509351 ] ] ] ] } },
{ "type": "Feature", "properties": { "osm_way_id": "577427486", "name": "Sector 83 Park", "leisure": "park" }, "geometry": { "type": "MultiPolygon", "coordinates": [ [ [ [ 75.7630198, 26.8552824 ], [ 75.7632825, 26.8555168 ], [ 75.7635421, 26.8548727 ], [ 75.7635518, 26.8548488 ], [ 75.7634664, 26.8547785 ], [ 75.7632628, 26.8550598 ], [ 75.7630198, 26.8552824 ] ] ] ] } },
{ "type": "Feature", "properties": { "osm_way_id": "577428273", "name": "L Park", "leisure": "park" }, "geometry": { "type": "MultiPolygon", "coordinates": [ [ [ [ 75.7646589, 26.8532507 ], [ 75.764358, 26.8538665 ], [ 75.7652547, 26.8542153 ], [ 75.765359, 26.8540018 ], [ 75.7653941, 26.8539301 ], [ 75.7647588, 26.853683 ], [ 75.7649204, 26.8533524 ], [ 75.7646589, 26.8532507 ] ] ] ] } },
{ "type": "Feature", "properties": { "osm_way_id": "577428500", "name": "Kid Park", "leisure": "park" }, "geometry": { "type": "MultiPolygon", "coordinates": [ [ [ [ 75.765168, 26.8546094 ], [ 75.7656601, 26.8547974 ], [ 75.7656655, 26.8544536 ], [ 75.7653021, 26.8543069 ], [ 75.765168, 26.8546094 ] ] ] ] } },
{ "type": "Feature", "properties": { "osm_way_id": "577435674", "name": "Veer Tejaji Park", "leisure": "park", "other_tags": "\"name:etymology:wikidata\"=>\"Q7918119\"" }, "geometry": { "type": "MultiPolygon", "coordinates": [ [ [ [ 75.7647733, 26.8522449 ], [ 75.7651903, 26.8524138 ], [ 75.7652069, 26.8524205 ], [ 75.7653821, 26.8520758 ], [ 75.7649485, 26.8519003 ], [ 75.7647733, 26.8522449 ] ] ] ] } },
{ "type": "Feature", "properties": { "osm_way_id": "577435824", "name": "Children Park", "leisure": "park" }, "geometry": { "type": "MultiPolygon", "coordinates": [ [ [ [ 75.76256, 26.8527242 ], [ 75.7631557, 26.8529561 ], [ 75.7633413, 26.8525767 ], [ 75.7627455, 26.8523447 ], [ 75.76256, 26.8527242 ] ] ] ] } },
{ "type": "Feature", "properties": { "osm_way_id": "577446493", "name": "Sector 82 Park", "leisure": "park" }, "geometry": { "type": "MultiPolygon", "coordinates": [ [ [ [ 75.7617538, 26.854202 ], [ 75.761981, 26.8543728 ], [ 75.7621394, 26.854207 ], [ 75.7622941, 26.8539457 ], [ 75.7619687, 26.8537945 ], [ 75.7617538, 26.854202 ] ] ] ] } },
{ "type": "Feature", "properties": { "osm_way_id": "577447078", "name": "Mandir Park", "leisure": "park" }, "geometry": { "type": "MultiPolygon", "coordinates": [ [ [ [ 75.7648734, 26.8560776 ], [ 75.7653043, 26.8564652 ], [ 75.7653302, 26.8556299 ], [ 75.7650885, 26.8555316 ], [ 75.7648734, 26.8560776 ] ] ] ] } },
{ "type": "Feature", "properties": { "osm_way_id": "577447160", "name": "V Park", "leisure": "park" }, "geometry": { "type": "MultiPolygon", "coordinates": [ [ [ [ 75.7653866, 26.857066 ], [ 75.7656985, 26.8573273 ], [ 75.7657327, 26.8567058 ], [ 75.7653866, 26.857066 ] ] ] ] } },
{ "type": "Feature", "properties": { "osm_way_id": "577447755", "name": "Shreeman Narayan Park", "leisure": "park" }, "geometry": { "type": "MultiPolygon", "coordinates": [ [ [ [ 75.7723421, 26.8502826 ], [ 75.772761, 26.850449 ], [ 75.7729197, 26.8500035 ], [ 75.7725427, 26.849884 ], [ 75.7723421, 26.8502826 ] ] ] ] } },
{ "type": "Feature", "properties": { "osm_way_id": "577447793", "name": "Public Park", "leisure": "park" }, "geometry": { "type": "MultiPolygon", "coordinates": [ [ [ [ 75.7725427, 26.849884 ], [ 75.7729197, 26.8500035 ], [ 75.773052, 26.8496491 ], [ 75.772746, 26.8495393 ], [ 75.7725427, 26.849884 ] ] ] ] } },
{ "type": "Feature", "properties": { "osm_way_id": "577466701", "name": "Public Park", "leisure": "park" }, "geometry": { "type": "MultiPolygon", "coordinates": [ [ [ [ 75.7715495, 26.8510427 ], [ 75.7721145, 26.8512393 ], [ 75.7724739, 26.8504175 ], [ 75.7719089, 26.8502209 ], [ 75.7715495, 26.8510427 ] ] ] ] } },
{ "type": "Feature", "properties": { "osm_way_id": "577467024", "name": "Sector 9 Public Park", "leisure": "park" }, "geometry": { "type": "MultiPolygon", "coordinates": [ [ [ [ 75.7727022, 26.8484569 ], [ 75.77303, 26.8485843 ], [ 75.7731967, 26.8482411 ], [ 75.7728633, 26.8481121 ], [ 75.7727022, 26.8484569 ] ] ] ] } },
{ "type": "Feature", "properties": { "osm_way_id": "580002812", "leisure": "park" }, "geometry": { "type": "MultiPolygon", "coordinates": [ [ [ [ 75.757065, 26.874919 ], [ 75.7576765, 26.8750721 ], [ 75.7584573, 26.8731334 ], [ 75.757894, 26.872899 ], [ 75.7577194, 26.8732346 ], [ 75.7578589, 26.8732968 ], [ 75.757065, 26.874919 ] ] ] ] } },
{ "type": "Feature", "properties": { "osm_way_id": "580005942", "leisure": "park" }, "geometry": { "type": "MultiPolygon", "coordinates": [ [ [ [ 75.7705952, 26.8359356 ], [ 75.7713817, 26.8362235 ], [ 75.7716201, 26.835705 ], [ 75.7708336, 26.8354171 ], [ 75.7705952, 26.8359356 ] ] ] ] } },
{ "type": "Feature", "properties": { "osm_way_id": "590563187", "name": "Nyay Park", "leisure": "park", "other_tags": "\"description\"=>\"Park with Swings for children and walk way for adults\"" }, "geometry": { "type": "MultiPolygon", "coordinates": [ [ [ [ 75.7661272, 26.8528519 ], [ 75.7664178, 26.8529718 ], [ 75.7666343, 26.8525539 ], [ 75.7663437, 26.852434 ], [ 75.7661272, 26.8528519 ] ] ] ] } },
{ "type": "Feature", "properties": { "osm_way_id": "590563476", "name": "Park", "leisure": "park", "other_tags": "\"description\"=>\"Park with walk way for adults\"" }, "geometry": { "type": "MultiPolygon", "coordinates": [ [ [ [ 75.7656042, 26.8493837 ], [ 75.7662319, 26.849612 ], [ 75.7664482, 26.8491661 ], [ 75.7658156, 26.8489433 ], [ 75.7656042, 26.8493837 ] ] ] ] } },
{ "type": "Feature", "properties": { "osm_way_id": "590564154", "name": "Sector 103 Park", "leisure": "park", "other_tags": "\"description\"=>\"Park with Swings for children and walk way for adults\"" }, "geometry": { "type": "MultiPolygon", "coordinates": [ [ [ [ 75.7669941, 26.8511533 ], [ 75.7672373, 26.8512441 ], [ 75.7672745, 26.851156 ], [ 75.7673681, 26.8509652 ], [ 75.767482, 26.8507221 ], [ 75.7675253, 26.8506298 ], [ 75.767282, 26.850539 ], [ 75.7669941, 26.8511533 ] ] ] ] } },
{ "type": "Feature", "properties": { "osm_way_id": "590564282", "name": "Adhaytm Vigyan Park", "leisure": "park", "other_tags": "\"description\"=>\"Park with Swings for children and walk way for adults\"" }, "geometry": { "type": "MultiPolygon", "coordinates": [ [ [ [ 75.7656921, 26.8510139 ], [ 75.7660545, 26.8511489 ], [ 75.7663158, 26.8505362 ], [ 75.7659438, 26.8504161 ], [ 75.7656921, 26.8510139 ] ] ] ] } },
{ "type": "Feature", "properties": { "osm_way_id": "590565048", "name": "Park", "leisure": "park" }, "geometry": { "type": "MultiPolygon", "coordinates": [ [ [ [ 75.7661831, 26.8489786 ], [ 75.7665391, 26.8491057 ], [ 75.7666154, 26.8489378 ], [ 75.7664149, 26.8488746 ], [ 75.7662387, 26.8488116 ], [ 75.7661831, 26.8489786 ] ] ] ] } },
{ "type": "Feature", "properties": { "osm_way_id": "590565438", "leisure": "park" }, "geometry": { "type": "MultiPolygon", "coordinates": [ [ [ [ 75.7665768, 26.8479564 ], [ 75.7670503, 26.8481441 ], [ 75.7672731, 26.8475901 ], [ 75.767307, 26.8475057 ], [ 75.7668819, 26.8473439 ], [ 75.7665768, 26.8479564 ] ] ] ] } },
{ "type": "Feature", "properties": { "osm_way_id": "601705410", "leisure": "park" }, "geometry": { "type": "MultiPolygon", "coordinates": [ [ [ [ 75.7981825, 26.92612 ], [ 75.7983423, 26.9259473 ], [ 75.7985654, 26.9258019 ], [ 75.7988058, 26.9257407 ], [ 75.7990633, 26.9257407 ], [ 75.7992607, 26.9258019 ], [ 75.7994581, 26.9259014 ], [ 75.7995782, 26.9260544 ], [ 75.7996555, 26.9262993 ], [ 75.7996812, 26.9265289 ], [ 75.7995526, 26.9267814 ], [ 75.7988434, 26.9264348 ], [ 75.7981825, 26.92612 ] ] ] ] } },
{ "type": "Feature", "properties": { "osm_way_id": "631489024", "landuse": "grass" }, "geometry": { "type": "MultiPolygon", "coordinates": [ [ [ [ 75.8244498, 26.9246813 ], [ 75.8244498, 26.9246 ], [ 75.8245343, 26.9246024 ], [ 75.8245383, 26.9243046 ], [ 75.824667, 26.9242831 ], [ 75.8246708, 26.9243044 ], [ 75.8246697, 26.9246119 ], [ 75.8245799, 26.9246143 ], [ 75.8245812, 26.9246789 ], [ 75.8244498, 26.9246813 ] ] ] ] } },
{ "type": "Feature", "properties": { "osm_way_id": "631489025", "landuse": "grass" }, "geometry": { "type": "MultiPolygon", "coordinates": [ [ [ [ 75.8244524, 26.9248104 ], [ 75.8244498, 26.9247303 ], [ 75.8248494, 26.9247243 ], [ 75.8248508, 26.9248104 ], [ 75.8244524, 26.9248104 ] ] ] ] } },
{ "type": "Feature", "properties": { "osm_way_id": "647830524", "name": "amrapali park", "leisure": "park" }, "geometry": { "type": "MultiPolygon", "coordinates": [ [ [ [ 75.7384785, 26.9128884 ], [ 75.7396833, 26.9128976 ], [ 75.7397488, 26.9115324 ], [ 75.7387547, 26.911543 ], [ 75.7385812, 26.9116675 ], [ 75.7384785, 26.9128884 ] ] ] ] } },
{ "type": "Feature", "properties": { "osm_way_id": "676126114", "name": "Hasanpura Public Park", "leisure": "park" }, "geometry": { "type": "MultiPolygon", "coordinates": [ [ [ [ 75.7789332, 26.9156282 ], [ 75.7797311, 26.9157131 ], [ 75.7796118, 26.9152025 ], [ 75.7789908, 26.9151714 ], [ 75.7789332, 26.9156282 ] ] ] ] } },
{ "type": "Feature", "properties": { "osm_way_id": "677049443", "leisure": "park" }, "geometry": { "type": "MultiPolygon", "coordinates": [ [ [ [ 75.7681454, 26.8477784 ], [ 75.7687328, 26.8479914 ], [ 75.7684645, 26.8486016 ], [ 75.7678557, 26.8483886 ], [ 75.7681454, 26.8477784 ] ] ] ] } },
{ "type": "Feature", "properties": { "osm_way_id": "677813474", "name": "Stone Park", "leisure": "park" }, "geometry": { "type": "MultiPolygon", "coordinates": [ [ [ [ 75.776086, 26.8381341 ], [ 75.7753044, 26.83971 ], [ 75.7768777, 26.839479 ], [ 75.7770756, 26.8383605 ], [ 75.776086, 26.8381341 ] ] ] ] } },
{ "type": "Feature", "properties": { "osm_way_id": "677813475", "leisure": "park" }, "geometry": { "type": "MultiPolygon", "coordinates": [ [ [ [ 75.7740103, 26.8387907 ], [ 75.774396, 26.8389356 ], [ 75.7747056, 26.8382654 ], [ 75.77433, 26.8381251 ], [ 75.7740103, 26.8387907 ] ] ] ] } },
{ "type": "Feature", "properties": { "osm_way_id": "677813476", "name": "Community Center SFS", "leisure": "park" }, "geometry": { "type": "MultiPolygon", "coordinates": [ [ [ [ 75.7713628, 26.8382282 ], [ 75.7725915, 26.8386985 ], [ 75.7729091, 26.8380445 ], [ 75.771656, 26.8375773 ], [ 75.7713628, 26.8382282 ] ] ] ] } },
{ "type": "Feature", "properties": { "osm_way_id": "705661085", "leisure": "park" }, "geometry": { "type": "MultiPolygon", "coordinates": [ [ [ [ 75.8010492, 26.9168199 ], [ 75.8011406, 26.9169276 ], [ 75.8013063, 26.917023 ], [ 75.8014908, 26.9170828 ], [ 75.8016733, 26.917137 ], [ 75.801818, 26.9171688 ], [ 75.8020508, 26.9172062 ], [ 75.8021787, 26.9172062 ], [ 75.802292, 26.9171969 ], [ 75.8021829, 26.9165985 ], [ 75.8010492, 26.9168199 ] ] ] ] } },
{ "type": "Feature", "properties": { "osm_way_id": "705701082", "name": "Kanwar Nagar Public Park", "leisure": "park", "other_tags": "\"addr:city\"=>\"Jaipur\",\"addr:postcode\"=>\"302003\",\"addr:street\"=>\"Amer Road\",\"opening_hours\"=>\"24/7\",\"operator\"=>\"Nagar Nigam\"" }, "geometry": { "type": "MultiPolygon", "coordinates": [ [ [ [ 75.826779, 26.9295205 ], [ 75.8272072, 26.9293878 ], [ 75.8276663, 26.9293303 ], [ 75.827761, 26.9297799 ], [ 75.8268684, 26.9299354 ], [ 75.826779, 26.9295205 ] ] ] ] } },
{ "type": "Feature", "properties": { "osm_way_id": "705701083", "landuse": "grass" }, "geometry": { "type": "MultiPolygon", "coordinates": [ [ [ [ 75.8264525, 26.9279527 ], [ 75.826578, 26.9284152 ], [ 75.8259785, 26.9285445 ], [ 75.825853, 26.928082 ], [ 75.8264525, 26.9279527 ] ] ] ] } },
{ "type": "Feature", "properties": { "osm_way_id": "705761732", "landuse": "grass" }, "geometry": { "type": "MultiPolygon", "coordinates": [ [ [ [ 75.8247756, 26.9424935 ], [ 75.8247827, 26.9424983 ], [ 75.8247879, 26.942506 ], [ 75.8247894, 26.9425138 ], [ 75.8247878, 26.9425217 ], [ 75.8247833, 26.9425285 ], [ 75.8247777, 26.9425329 ], [ 75.8247695, 26.9425359 ], [ 75.8247587, 26.942536 ], [ 75.8247504, 26.942533 ], [ 75.8247439, 26.9425278 ], [ 75.8247403, 26.9425222 ], [ 75.8247385, 26.9425145 ], [ 75.8247409, 26.9425039 ], [ 75.8247461, 26.9424975 ], [ 75.8247513, 26.942494 ], [ 75.8247597, 26.9424913 ], [ 75.8247685, 26.9424914 ], [ 75.8247756, 26.9424935 ] ] ] ] } },
{ "type": "Feature", "properties": { "osm_way_id": "705826113", "landuse": "grass" }, "geometry": { "type": "MultiPolygon", "coordinates": [ [ [ [ 75.8457461, 26.9836819 ], [ 75.8457832, 26.9836802 ], [ 75.8458127, 26.9836819 ], [ 75.8458344, 26.9836858 ], [ 75.8458067, 26.9836189 ], [ 75.8457132, 26.9836497 ], [ 75.8457289, 26.9836876 ], [ 75.8457461, 26.9836819 ] ] ] ] } },
{ "type": "Feature", "properties": { "osm_way_id": "705826114", "landuse": "grass" }, "geometry": { "type": "MultiPolygon", "coordinates": [ [ [ [ 75.845786, 26.9837782 ], [ 75.8458295, 26.9837656 ], [ 75.8458234, 26.9837507 ], [ 75.8458073, 26.9837327 ], [ 75.8457933, 26.9837238 ], [ 75.8457805, 26.9837202 ], [ 75.8457622, 26.9837207 ], [ 75.845786, 26.9837782 ] ] ] ] } },
{ "type": "Feature", "properties": { "osm_way_id": "705826118", "landuse": "grass" }, "geometry": { "type": "MultiPolygon", "coordinates": [ [ [ [ 75.8453354, 26.9840331 ], [ 75.8452693, 26.9838738 ], [ 75.845136, 26.9839177 ], [ 75.845202, 26.984077 ], [ 75.8453354, 26.9840331 ] ] ] ] } },
{ "type": "Feature", "properties": { "osm_way_id": "705826119", "landuse": "grass" }, "geometry": { "type": "MultiPolygon", "coordinates": [ [ [ [ 75.8454055, 26.9842023 ], [ 75.8453739, 26.9841261 ], [ 75.8452406, 26.98417 ], [ 75.8452722, 26.9842462 ], [ 75.8454055, 26.9842023 ] ] ] ] } },
{ "type": "Feature", "properties": { "osm_way_id": "705826120", "landuse": "grass" }, "geometry": { "type": "MultiPolygon", "coordinates": [ [ [ [ 75.8454462, 26.9843005 ], [ 75.8454856, 26.9843955 ], [ 75.8453523, 26.9844394 ], [ 75.8453129, 26.9843444 ], [ 75.8454462, 26.9843005 ] ] ] ] } },
{ "type": "Feature", "properties": { "osm_way_id": "705826140", "landuse": "grass" }, "geometry": { "type": "MultiPolygon", "coordinates": [ [ [ [ 75.8459554, 26.9842491 ], [ 75.8458055, 26.9838877 ], [ 75.8459046, 26.9838551 ], [ 75.8459661, 26.9840033 ], [ 75.8459284, 26.9840157 ], [ 75.8460168, 26.9842289 ], [ 75.8459554, 26.9842491 ] ] ] ] } },
{ "type": "Feature", "properties": { "osm_way_id": "706092478", "leisure": "park" }, "geometry": { "type": "MultiPolygon", "coordinates": [ [ [ [ 75.7883919, 26.9200003 ], [ 75.78782, 26.9204525 ], [ 75.7881191, 26.9207532 ], [ 75.7886909, 26.9203009 ], [ 75.7883919, 26.9200003 ] ] ] ] } },
{ "type": "Feature", "properties": { "osm_way_id": "706093325", "landuse": "grass" }, "geometry": { "type": "MultiPolygon", "coordinates": [ [ [ [ 75.7833369, 26.92911 ], [ 75.7833774, 26.9291053 ], [ 75.7834172, 26.9291133 ], [ 75.7834516, 26.9291329 ], [ 75.7834763, 26.9291619 ], [ 75.783486, 26.9291845 ], [ 75.7834889, 26.9292208 ], [ 75.7834777, 26.9292558 ], [ 75.7834537, 26.9292853 ], [ 75.7834057, 26.9293104 ], [ 75.7833651, 26.9293146 ], [ 75.7833254, 26.9293062 ], [ 75.7832913, 26.9292862 ], [ 75.7832669, 26.929257 ], [ 75.7832564, 26.929229 ], [ 75.7832561, 26.9291926 ], [ 75.7832697, 26.9291583 ], [ 75.7832957, 26.9291302 ], [ 75.7833369, 26.92911 ] ] ] ] } },
{ "type": "Feature", "properties": { "osm_way_id": "706565413", "leisure": "park" }, "geometry": { "type": "MultiPolygon", "coordinates": [ [ [ [ 75.7978446, 26.9519739 ], [ 75.7992872, 26.9525543 ], [ 75.7995447, 26.9521055 ], [ 75.7980856, 26.9515311 ], [ 75.7978446, 26.9519739 ] ] ] ] } },
{ "type": "Feature", "properties": { "osm_way_id": "706565414", "leisure": "park" }, "geometry": { "type": "MultiPolygon", "coordinates": [ [ [ [ 75.7997893, 26.9506261 ], [ 75.8002073, 26.9507945 ], [ 75.8003715, 26.9504825 ], [ 75.7999596, 26.9503087 ], [ 75.7997893, 26.9506261 ] ] ] ] } },
{ "type": "Feature", "properties": { "osm_way_id": "709231148", "name": "Tilak Park", "leisure": "park", "other_tags": "\"addr:city\"=>\"Jaipur\",\"addr:postcode\"=>\"302004\",\"addr:street\"=>\"Bal Marg, Tilak Nagar\",\"opening_hours\"=>\"24/7\"" }, "geometry": { "type": "MultiPolygon", "coordinates": [ [ [ [ 75.8216283, 26.8935892 ], [ 75.8215112, 26.8933531 ], [ 75.8212567, 26.8934575 ], [ 75.8210989, 26.8931352 ], [ 75.8210276, 26.8928537 ], [ 75.8212312, 26.8922908 ], [ 75.8214807, 26.8923271 ], [ 75.8215316, 26.8921682 ], [ 75.8217912, 26.8921864 ], [ 75.8218675, 26.8921727 ], [ 75.8220813, 26.8921591 ], [ 75.8223664, 26.8921092 ], [ 75.8227023, 26.8919775 ], [ 75.8232114, 26.8928991 ], [ 75.8231706, 26.8929536 ], [ 75.8228041, 26.8931079 ], [ 75.8227583, 26.8929899 ], [ 75.8224784, 26.8931125 ], [ 75.8225293, 26.8931987 ], [ 75.8216283, 26.8935892 ] ] ] ] } },
{ "type": "Feature", "properties": { "osm_way_id": "711955323", "name": "Public Park", "leisure": "park", "other_tags": "\"addr:city\"=>\"Jaipur\",\"addr:postcode\"=>\"302036\",\"addr:street\"=>\"Jamdoli Road, Jaisingpura Khor Bus Stop\",\"opening_hours\"=>\"Mo-Su 05:00-22:00\",\"operator\"=>\"Jaipur Nagar Nigam\"" }, "geometry": { "type": "MultiPolygon", "coordinates": [ [ [ [ 75.8788222, 26.9495813 ], [ 75.8789686, 26.9493508 ], [ 75.8789461, 26.9493437 ], [ 75.8789317, 26.9491091 ], [ 75.8785583, 26.9490643 ], [ 75.8787327, 26.9494864 ], [ 75.8787895, 26.9495764 ], [ 75.8788222, 26.9495813 ] ] ] ] } },
{ "type": "Feature", "properties": { "osm_way_id": "711960082", "name": "Rose Park", "leisure": "park", "other_tags": "\"addr:city\"=>\"Jaipur Municipal Corporation\",\"addr:postcode\"=>\"302002\",\"addr:street\"=>\"Khole Ke Hanuman Ji, Badanpura, Delhi Road\",\"opening_hours\"=>\"Mo-Su 05:00-22:00\",\"operator\"=>\"Khole Ke Hanuman Ji Trust\"" }, "geometry": { "type": "MultiPolygon", "coordinates": [ [ [ [ 75.8535472, 26.9345266 ], [ 75.8533932, 26.9343577 ], [ 75.8532711, 26.9342094 ], [ 75.8532746, 26.934159 ], [ 75.8533932, 26.934129 ], [ 75.8534781, 26.9341306 ], [ 75.8535348, 26.9342205 ], [ 75.8535259, 26.9343073 ], [ 75.8536038, 26.934353 ], [ 75.8536516, 26.9343688 ], [ 75.8536463, 26.9344398 ], [ 75.8536905, 26.9344524 ], [ 75.8536958, 26.9344871 ], [ 75.8535613, 26.9345297 ], [ 75.8535472, 26.9345266 ] ] ] ] } },
{ "type": "Feature", "properties": { "osm_way_id": "711960536", "name": "Public Park", "leisure": "park", "other_tags": "\"addr:city\"=>\"Jaipur Municipal Corporation\",\"addr:postcode\"=>\"302002\",\"addr:street\"=>\"Khole Ke Hanuman Ji\",\"opening_hours\"=>\"Mo-Su 06:00-24:00\",\"operator\"=>\"Jaipur Nagar Nigam\"" }, "geometry": { "type": "MultiPolygon", "coordinates": [ [ [ [ 75.8516659, 26.9345909 ], [ 75.851841, 26.9342828 ], [ 75.8518901, 26.9342911 ], [ 75.8519064, 26.9343452 ], [ 75.8519064, 26.934391 ], [ 75.8519484, 26.9344118 ], [ 75.8516659, 26.9345909 ] ] ] ] } },
{ "type": "Feature", "properties": { "osm_way_id": "711961307", "name": "Nagar Nigam Park", "leisure": "park", "other_tags": "\"addr:city\"=>\"jaipur\",\"addr:postcode\"=>\"302002\",\"addr:street\"=>\"Jamwa Ramgarh Road\",\"opening_hours\"=>\"24/7\",\"operator\"=>\"Jaipur Nagar Nigam\"" }, "geometry": { "type": "MultiPolygon", "coordinates": [ [ [ [ 75.8469366, 26.9385352 ], [ 75.84688, 26.9384453 ], [ 75.8468216, 26.9382891 ], [ 75.8468092, 26.9381518 ], [ 75.8468393, 26.9381424 ], [ 75.8469136, 26.9382433 ], [ 75.8469508, 26.9382386 ], [ 75.8470569, 26.9383774 ], [ 75.8471123, 26.9385073 ], [ 75.8469366, 26.9385352 ] ] ] ] } },
{ "type": "Feature", "properties": { "osm_way_id": "711961694", "name": "Public Park", "leisure": "park", "other_tags": "\"addr:city\"=>\"Jaipur\",\"addr:postcode\"=>\"302002\",\"addr:street\"=>\"Jamwa Ramgarh Road\",\"opening_hours\"=>\"24/7\",\"operator\"=>\"Jaipur Nagar Nigam\"" }, "geometry": { "type": "MultiPolygon", "coordinates": [ [ [ [ 75.8451561, 26.9295037 ], [ 75.845309, 26.9294822 ], [ 75.8452983, 26.9290541 ], [ 75.8453224, 26.9288509 ], [ 75.8453975, 26.9287241 ], [ 75.8454351, 26.9285161 ], [ 75.8454726, 26.9282339 ], [ 75.8454753, 26.9280808 ], [ 75.8454512, 26.9279924 ], [ 75.8453063, 26.9280234 ], [ 75.8452285, 26.9280569 ], [ 75.8452124, 26.9281956 ], [ 75.8451856, 26.9285161 ], [ 75.8451615, 26.9288222 ], [ 75.8451159, 26.928968 ], [ 75.845132, 26.9290302 ], [ 75.8451186, 26.9291139 ], [ 75.8451427, 26.9293554 ], [ 75.8451561, 26.9295037 ] ] ] ] } },
{ "type": "Feature", "properties": { "osm_way_id": "711962348", "name": "Jaipur Park", "leisure": "park", "other_tags": "\"addr:city\"=>\"Jaipur\",\"addr:postcode\"=>\"302002\",\"addr:street\"=>\"Jamwa Ramgarh Road\",\"opening_hours\"=>\"24/7\",\"operator\"=>\"Jaipur Nagar Nigam\"" }, "geometry": { "type": "MultiPolygon", "coordinates": [ [ [ [ 75.8474181, 26.9214632 ], [ 75.8476307, 26.9216033 ], [ 75.8478525, 26.9213945 ], [ 75.8481021, 26.9210731 ], [ 75.8484225, 26.920716 ], [ 75.8485889, 26.9204825 ], [ 75.8489124, 26.9200649 ], [ 75.8490295, 26.9199111 ], [ 75.8492482, 26.9193946 ], [ 75.8491835, 26.9193699 ], [ 75.8490079, 26.9193671 ], [ 75.8489309, 26.9195182 ], [ 75.8488323, 26.9196858 ], [ 75.8488261, 26.9197298 ], [ 75.8483732, 26.9203177 ], [ 75.8478433, 26.9209715 ], [ 75.8476985, 26.9211171 ], [ 75.847452, 26.9213973 ], [ 75.8474181, 26.9214632 ] ] ] ] } },
{ "type": "Feature", "properties": { "osm_way_id": "711963227", "name": "Eidgah Park", "leisure": "park", "other_tags": "\"addr:city\"=>\"Jaipur\",\"addr:postcode\"=>\"302002\",\"addr:street\"=>\"Jamwa Ramgarh Road\",\"opening_hours\"=>\"24/7\",\"operator\"=>\"Jaipur Nagar Nigam\"" }, "geometry": { "type": "MultiPolygon", "coordinates": [ [ [ [ 75.8456382, 26.9252972 ], [ 75.8457426, 26.9253256 ], [ 75.8457851, 26.9250842 ], [ 75.8457992, 26.9249454 ], [ 75.8458134, 26.9247876 ], [ 75.845824, 26.9247529 ], [ 75.8457798, 26.924674 ], [ 75.8457267, 26.9246582 ], [ 75.8457019, 26.9246535 ], [ 75.8456877, 26.9247497 ], [ 75.8456824, 26.9248965 ], [ 75.8456647, 26.9249816 ], [ 75.845647, 26.9251031 ], [ 75.84564, 26.9252262 ], [ 75.8456382, 26.9252972 ] ] ] ] } },
{ "type": "Feature", "properties": { "osm_way_id": "711963417", "name": "Pulic Park", "leisure": "park", "other_tags": "\"addr:city\"=>\"Jaipur\",\"addr:postcode\"=>\"302002\",\"addr:street\"=>\"Jamwa Ramgarh Road\",\"opening_hours\"=>\"24/7\",\"operator\"=>\"Jaipur Nagar Nigam\"" }, "geometry": { "type": "MultiPolygon", "coordinates": [ [ [ [ 75.8455673, 26.9258606 ], [ 75.8456798, 26.9258702 ], [ 75.8457075, 26.9256065 ], [ 75.8457337, 26.9254403 ], [ 75.8456228, 26.9254376 ], [ 75.8456104, 26.9254637 ], [ 75.8455981, 26.9256134 ], [ 75.8455812, 26.9257494 ], [ 75.8455673, 26.9258606 ] ] ] ] } },
{ "type": "Feature", "properties": { "osm_way_id": "711964024", "name": "Pulic Park", "leisure": "park", "other_tags": "\"addr:city\"=>\"jaipur\",\"addr:postcode\"=>\"302002\",\"addr:street\"=>\"Jamwa Ramgarh Road\",\"opening_hours\"=>\"24/7\",\"operator\"=>\"JaipurNagar Nigam\"" }, "geometry": { "type": "MultiPolygon", "coordinates": [ [ [ [ 75.8467488, 26.9374934 ], [ 75.8466716, 26.9371926 ], [ 75.8466147, 26.9369606 ], [ 75.8466167, 26.9369117 ], [ 75.8467448, 26.9368972 ], [ 75.8468261, 26.9368881 ], [ 75.8468993, 26.9369117 ], [ 75.8469379, 26.9371581 ], [ 75.8470314, 26.9374807 ], [ 75.8470537, 26.9375188 ], [ 75.8470192, 26.937526 ], [ 75.8467793, 26.9375043 ], [ 75.8467488, 26.9374934 ] ] ] ] } },
{ "type": "Feature", "properties": { "osm_way_id": "711964439", "name": "Public Park", "leisure": "park", "other_tags": "\"addr:city\"=>\"jaipur\",\"addr:postcode\"=>\"302002\",\"addr:street\"=>\"Jamwa Ramgarh Road\",\"opening_hours\"=>\"24/7\",\"operator\"=>\"Nagar Nigam Jaipur\"" }, "geometry": { "type": "MultiPolygon", "coordinates": [ [ [ [ 75.8466167, 26.9368772 ], [ 75.8467976, 26.936841 ], [ 75.8468484, 26.9368229 ], [ 75.8468037, 26.9366163 ], [ 75.8467305, 26.9364097 ], [ 75.8467346, 26.9363517 ], [ 75.8467, 26.9362321 ], [ 75.8467041, 26.936136 ], [ 75.8466675, 26.9359494 ], [ 75.8466309, 26.935799 ], [ 75.8466248, 26.9357537 ], [ 75.8465557, 26.93575 ], [ 75.8464521, 26.9357664 ], [ 75.846389, 26.9357682 ], [ 75.8464114, 26.9358461 ], [ 75.8464338, 26.9359675 ], [ 75.8464663, 26.9361252 ], [ 75.8464846, 26.9361741 ], [ 75.8464703, 26.9362013 ], [ 75.8465029, 26.9364604 ], [ 75.8465456, 26.9365982 ], [ 75.8466167, 26.9368772 ] ] ] ] } },
{ "type": "Feature", "properties": { "osm_way_id": "711965114", "name": "Purani Chungi Circle Park", "leisure": "park", "other_tags": "\"addr:city\"=>\"Jaipur\",\"addr:postcode\"=>\"302002\",\"addr:street\"=>\"Jamwa Ramgarh Road\",\"opening_hours\"=>\"24/7\",\"operator\"=>\"Jaipur Nagar Nigam\"" }, "geometry": { "type": "MultiPolygon", "coordinates": [ [ [ [ 75.8503377, 26.9461172 ], [ 75.8503692, 26.9461266 ], [ 75.8504171, 26.9461213 ], [ 75.8504591, 26.946088 ], [ 75.8504603, 26.9460214 ], [ 75.8504334, 26.9459652 ], [ 75.8503809, 26.9459101 ], [ 75.8503365, 26.9458768 ], [ 75.8502852, 26.9458612 ], [ 75.850235, 26.9458653 ], [ 75.8502163, 26.9458851 ], [ 75.8502058, 26.9459111 ], [ 75.8502093, 26.9459548 ], [ 75.850235, 26.9460079 ], [ 75.8502665, 26.9460579 ], [ 75.8502992, 26.9460922 ], [ 75.8503377, 26.9461172 ] ] ] ] } },
{ "type": "Feature", "properties": { "osm_way_id": "711966212", "name": "Ganesh Park", "leisure": "park", "other_tags": "\"addr:city\"=>\"Jaipur\",\"addr:postcode\"=>\"302002\",\"addr:street\"=>\"Jamwa Ramgarh Road\",\"opening_hours\"=>\"Mo-Su 06:00-22:00\",\"operator\"=>\"Bangali Baba Ganesh TempleTrust\"" }, "geometry": { "type": "MultiPolygon", "coordinates": [ [ [ [ 75.8512084, 26.9458963 ], [ 75.8512314, 26.9459973 ], [ 75.8512031, 26.9460667 ], [ 75.8511784, 26.9461187 ], [ 75.8512297, 26.9461298 ], [ 75.8513111, 26.9460635 ], [ 75.8513925, 26.946013 ], [ 75.851465, 26.9459657 ], [ 75.8515181, 26.9458979 ], [ 75.8514526, 26.9458774 ], [ 75.8514084, 26.9458979 ], [ 75.8513341, 26.9458711 ], [ 75.8513429, 26.9458427 ], [ 75.8512898, 26.945819 ], [ 75.8512173, 26.9457859 ], [ 75.8512226, 26.9457654 ], [ 75.8512173, 26.9456707 ], [ 75.8511147, 26.9457449 ], [ 75.851074, 26.9456991 ], [ 75.8509519, 26.9456723 ], [ 75.8509872, 26.9456313 ], [ 75.8510209, 26.9455666 ], [ 75.8510633, 26.9453978 ], [ 75.851097, 26.945371 ], [ 75.8511217, 26.9453284 ], [ 75.8509253, 26.9452527 ], [ 75.8509094, 26.945289 ], [ 75.8508988, 26.9453347 ], [ 75.8506846, 26.9452701 ], [ 75.8506439, 26.9453489 ], [ 75.8507784, 26.945401 ], [ 75.8508227, 26.9454609 ], [ 75.8507767, 26.9455177 ], [ 75.8505625, 26.9454215 ], [ 75.8505363, 26.9454684 ], [ 75.8504829, 26.9454799 ], [ 75.8504835, 26.9454971 ], [ 75.8512084, 26.9458963 ] ] ] ] } },
{ "type": "Feature", "properties": { "osm_way_id": "711966762", "name": "Ganesh Park", "leisure": "park", "other_tags": "\"addr:city\"=>\"Jaipur\",\"addr:postcode\"=>\"302002\",\"addr:street\"=>\"Jamwa Ramgarh Road\",\"opening_hours\"=>\"Mo-Su 06:00-22:00\",\"operator\"=>\"Bangali Baba Ganesh Temple Trust\"" }, "geometry": { "type": "MultiPolygon", "coordinates": [ [ [ [ 75.8504919, 26.9455214 ], [ 75.8504494, 26.9457265 ], [ 75.8506919, 26.9459095 ], [ 75.850798, 26.9459852 ], [ 75.8508547, 26.9459347 ], [ 75.8509361, 26.945889 ], [ 75.8510043, 26.9458429 ], [ 75.8504919, 26.9455214 ] ] ] ] } },
{ "type": "Feature", "properties": { "osm_way_id": "711976461", "name": "National Institute Of Ayurved Park", "leisure": "park", "other_tags": "\"addr:city\"=>\"jaipur\",\"addr:postcode\"=>\"302002\",\"addr:street\"=>\"Amer Road\",\"name:hi\"=>\"आयुर्वेद इंस्टिट्यूट ऑफ़ आयुर्वेद पार्क\",\"opening_hours\"=>\"Mo-Su 06:00-22:00\",\"operator\"=>\"Hospital Mangment\"" }, "geometry": { "type": "MultiPolygon", "coordinates": [ [ [ [ 75.8329274, 26.9361631 ], [ 75.8330745, 26.935982 ], [ 75.8332543, 26.9358654 ], [ 75.8334364, 26.9357655 ], [ 75.8335718, 26.9357114 ], [ 75.8334721, 26.9353867 ], [ 75.8334061, 26.9351805 ], [ 75.833273, 26.9351951 ], [ 75.8331492, 26.93486 ], [ 75.8328597, 26.9349078 ], [ 75.8326075, 26.9349849 ], [ 75.8325888, 26.9350411 ], [ 75.8326355, 26.9351785 ], [ 75.8327242, 26.9354845 ], [ 75.8328527, 26.9359341 ], [ 75.8329274, 26.9361631 ] ] ] ] } },
{ "type": "Feature", "properties": { "osm_way_id": "711977352", "name": "Suresh Sharma Garden", "leisure": "park", "other_tags": "\"addr:city\"=>\"jaipur\",\"addr:postcode\"=>\"302002\",\"addr:street\"=>\"Amer Road\",\"operator\"=>\"Jaipur Nagar Nigam\"" }, "geometry": { "type": "MultiPolygon", "coordinates": [ [ [ [ 75.8346156, 26.9369292 ], [ 75.8348234, 26.9368084 ], [ 75.8344708, 26.9362006 ], [ 75.8341322, 26.9355906 ], [ 75.8336934, 26.9357314 ], [ 75.8336742, 26.9357526 ], [ 75.8337049, 26.9357988 ], [ 75.8337563, 26.9358738 ], [ 75.833831, 26.9359945 ], [ 75.8340342, 26.9362734 ], [ 75.834319, 26.9365961 ], [ 75.8344895, 26.9367939 ], [ 75.8346156, 26.9369292 ] ] ] ] } },
{ "type": "Feature", "properties": { "osm_way_id": "711977849", "name": "National Institute Of Ayurved Hostal Park", "leisure": "park", "other_tags": "\"addr:city\"=>\"jaipur\",\"addr:postcode\"=>\"302002\",\"addr:street\"=>\"Amer Road\",\"operator\"=>\"Hospital Managament\"" }, "geometry": { "type": "MultiPolygon", "coordinates": [ [ [ [ 75.8328822, 26.9348029 ], [ 75.8331609, 26.934758 ], [ 75.8330675, 26.9343499 ], [ 75.8330044, 26.9340772 ], [ 75.8329321, 26.9338816 ], [ 75.832834, 26.9338753 ], [ 75.8328083, 26.9339399 ], [ 75.8326845, 26.9339399 ], [ 75.8325958, 26.9339461 ], [ 75.8326402, 26.9341855 ], [ 75.8327593, 26.9341543 ], [ 75.832806, 26.9342396 ], [ 75.832855, 26.9343687 ], [ 75.8327512, 26.9344089 ], [ 75.8328822, 26.9348029 ] ] ] ] } },
{ "type": "Feature", "properties": { "osm_way_id": "711978111", "name": "Subhash Chowk New Amer Road Park", "leisure": "park", "other_tags": "\"addr:city\"=>\"Jaipur\",\"addr:postcode\"=>\"302002\",\"addr:street\"=>\"Amer Road\",\"opening_hours\"=>\"24/7\",\"operator\"=>\"Nagar Nigam\"" }, "geometry": { "type": "MultiPolygon", "coordinates": [ [ [ [ 75.8319678, 26.9310661 ], [ 75.8320512, 26.9310208 ], [ 75.8321853, 26.9310135 ], [ 75.832226, 26.9311603 ], [ 75.8322646, 26.9312817 ], [ 75.8322646, 26.9313633 ], [ 75.8322117, 26.9313832 ], [ 75.8321467, 26.9314086 ], [ 75.8321264, 26.9314122 ], [ 75.8320654, 26.9312781 ], [ 75.8319922, 26.9311422 ], [ 75.8319678, 26.9310661 ] ] ] ] } },
{ "type": "Feature", "properties": { "osm_way_id": "711984179", "name": "Jain Nasiya Park", "leisure": "park" }, "geometry": { "type": "MultiPolygon", "coordinates": [ [ [ [ 75.8464491, 26.9419274 ], [ 75.8465935, 26.9419148 ], [ 75.8467927, 26.9420344 ], [ 75.8468679, 26.9419981 ], [ 75.8468252, 26.9418803 ], [ 75.8468028, 26.9418387 ], [ 75.8466748, 26.9418713 ], [ 75.8466219, 26.9418423 ], [ 75.8465914, 26.9417462 ], [ 75.8465325, 26.9416158 ], [ 75.8463292, 26.9416357 ], [ 75.8462126, 26.9416696 ], [ 75.8464491, 26.9419274 ] ] ] ] } },
{ "type": "Feature", "properties": { "osm_way_id": "711984521", "name": "Public Park", "leisure": "park", "other_tags": "\"addr:city\"=>\"Jaipur\",\"addr:postcode\"=>\"302002\",\"addr:street\"=>\"Jamwa Ramgarh Road\",\"opening_hours\"=>\"24/7\"" }, "geometry": { "type": "MultiPolygon", "coordinates": [ [ [ [ 75.8487872, 26.9410303 ], [ 75.8488167, 26.9410267 ], [ 75.848924, 26.9409884 ], [ 75.8488153, 26.9407051 ], [ 75.8486289, 26.9404253 ], [ 75.8484747, 26.9402185 ], [ 75.848358, 26.9402771 ], [ 75.848468, 26.9404815 ], [ 75.84859, 26.9406847 ], [ 75.8487872, 26.9410303 ] ] ] ] } },
{ "type": "Feature", "properties": { "osm_way_id": "711986102", "name": "Jain Temple Mohanbari Park", "leisure": "park", "other_tags": "\"addr:postcode\"=>\"302002\",\"addr:street\"=>\"Jamwa Ramgarh Road\"" }, "geometry": { "type": "MultiPolygon", "coordinates": [ [ [ [ 75.8472228, 26.9169214 ], [ 75.8473643, 26.9169624 ], [ 75.8475661, 26.9169182 ], [ 75.8478103, 26.9168646 ], [ 75.8480792, 26.9168141 ], [ 75.8479837, 26.9162777 ], [ 75.8471166, 26.9164985 ], [ 75.8470953, 26.9165427 ], [ 75.8472228, 26.9169214 ] ] ] ] } },
{ "type": "Feature", "properties": { "osm_way_id": "711986103", "name": "Surya Nagar Park", "leisure": "park", "other_tags": "\"addr:postcode\"=>\"302002\",\"addr:street\"=>\"Jamwa Ramgarh Road\",\"opening_hours\"=>\"24/7\"" }, "geometry": { "type": "MultiPolygon", "coordinates": [ [ [ [ 75.8503251, 26.9223946 ], [ 75.8503234, 26.9223109 ], [ 75.8505517, 26.9222936 ], [ 75.8508118, 26.9222636 ], [ 75.8511268, 26.9222289 ], [ 75.8511285, 26.9223614 ], [ 75.8507357, 26.9223804 ], [ 75.8503251, 26.9223946 ] ] ] ] } },
{ "type": "Feature", "properties": { "osm_way_id": "713304826", "name": "Saheed Bahgat Singh Park", "leisure": "park" }, "geometry": { "type": "MultiPolygon", "coordinates": [ [ [ [ 75.8278443, 26.89736 ], [ 75.8282761, 26.8973032 ], [ 75.8289131, 26.8972716 ], [ 75.8292458, 26.8972969 ], [ 75.8296493, 26.8973474 ], [ 75.8298616, 26.8973853 ], [ 75.8301164, 26.8966088 ], [ 75.8298121, 26.8964952 ], [ 75.8293732, 26.8963879 ], [ 75.8288706, 26.8963247 ], [ 75.8282406, 26.8963406 ], [ 75.8278295, 26.8963461 ], [ 75.827639, 26.8964321 ], [ 75.8278443, 26.89736 ] ] ] ] } },
{ "type": "Feature", "properties": { "osm_way_id": "713305664", "name": "Dushehera Maidan", "leisure": "park" }, "geometry": { "type": "MultiPolygon", "coordinates": [ [ [ [ 75.82995, 26.8974586 ], [ 75.8302297, 26.8966088 ], [ 75.8311711, 26.897158 ], [ 75.8316666, 26.8975494 ], [ 75.8320913, 26.8979597 ], [ 75.8324735, 26.8983195 ], [ 75.8321234, 26.8986275 ], [ 75.8318015, 26.8983739 ], [ 75.8312517, 26.8979673 ], [ 75.8310264, 26.8978309 ], [ 75.8306831, 26.897685 ], [ 75.8304202, 26.8975774 ], [ 75.82995, 26.8974586 ] ] ] ] } },
{ "type": "Feature", "properties": { "osm_way_id": "713305879", "leisure": "park" }, "geometry": { "type": "MultiPolygon", "coordinates": [ [ [ [ 75.8371277, 26.8935172 ], [ 75.8374328, 26.8938112 ], [ 75.837975, 26.8933908 ], [ 75.8364715, 26.8918877 ], [ 75.8362034, 26.8921185 ], [ 75.8362373, 26.8921763 ], [ 75.8362589, 26.8922477 ], [ 75.8362928, 26.8922862 ], [ 75.8373249, 26.8933551 ], [ 75.8371277, 26.8935172 ] ] ] ] } },
{ "type": "Feature", "properties": { "osm_way_id": "713306289", "leisure": "park" }, "geometry": { "type": "MultiPolygon", "coordinates": [ [ [ [ 75.8393815, 26.895669 ], [ 75.8396214, 26.8958938 ], [ 75.840589, 26.8951178 ], [ 75.8403631, 26.8948223 ], [ 75.8393815, 26.895669 ] ] ] ] } },
{ "type": "Feature", "properties": { "osm_way_id": "713306866", "leisure": "park" }, "geometry": { "type": "MultiPolygon", "coordinates": [ [ [ [ 75.8404914, 26.8939068 ], [ 75.8417883, 26.8952266 ], [ 75.8421895, 26.8949555 ], [ 75.8408266, 26.8936023 ], [ 75.8404914, 26.8939068 ] ] ] ] } },
{ "type": "Feature", "properties": { "osm_way_id": "713307433", "leisure": "park" }, "geometry": { "type": "MultiPolygon", "coordinates": [ [ [ [ 75.8433631, 26.8949289 ], [ 75.8432692, 26.8943739 ], [ 75.8431619, 26.8943835 ], [ 75.8430627, 26.8944911 ], [ 75.8430171, 26.8945007 ], [ 75.8429742, 26.8942495 ], [ 75.8421936, 26.8948786 ], [ 75.8422741, 26.8949576 ], [ 75.8427596, 26.8949504 ], [ 75.8433631, 26.8949289 ] ] ] ] } },
{ "type": "Feature", "properties": { "osm_way_id": "713307717", "leisure": "park" }, "geometry": { "type": "MultiPolygon", "coordinates": [ [ [ [ 75.840254, 26.8965354 ], [ 75.8400264, 26.8962671 ], [ 75.8396727, 26.8959444 ], [ 75.8398719, 26.8957704 ], [ 75.8416078, 26.8974998 ], [ 75.8416647, 26.8976594 ], [ 75.8416526, 26.8980727 ], [ 75.8418396, 26.8985875 ], [ 75.8417217, 26.8986637 ], [ 75.8399369, 26.896869 ], [ 75.840254, 26.8965354 ] ] ] ] } },
{ "type": "Feature", "properties": { "osm_way_id": "713308401", "leisure": "park" }, "geometry": { "type": "MultiPolygon", "coordinates": [ [ [ [ 75.8411581, 26.8969587 ], [ 75.8415312, 26.8973214 ], [ 75.8420766, 26.8968905 ], [ 75.8421006, 26.8965619 ], [ 75.8419188, 26.8963443 ], [ 75.8411581, 26.8969587 ] ] ] ] } },
{ "type": "Feature", "properties": { "osm_way_id": "713308497", "leisure": "park" }, "geometry": { "type": "MultiPolygon", "coordinates": [ [ [ [ 75.8419523, 26.8963336 ], [ 75.8421867, 26.8965107 ], [ 75.8426173, 26.8964979 ], [ 75.842622, 26.8962462 ], [ 75.8425646, 26.8960585 ], [ 75.8424355, 26.895922 ], [ 75.8419523, 26.8963336 ] ] ] ] } },
{ "type": "Feature", "properties": { "osm_way_id": "713308583", "leisure": "park" }, "geometry": { "type": "MultiPolygon", "coordinates": [ [ [ [ 75.8414051, 26.8931453 ], [ 75.8421721, 26.8925542 ], [ 75.8427403, 26.893165 ], [ 75.8420869, 26.8936858 ], [ 75.8419259, 26.8935282 ], [ 75.8418375, 26.893531 ], [ 75.8414051, 26.8931453 ] ] ] ] } },
{ "type": "Feature", "properties": { "osm_way_id": "713308876", "leisure": "park" }, "geometry": { "type": "MultiPolygon", "coordinates": [ [ [ [ 75.8380344, 26.8904267 ], [ 75.8382592, 26.890236 ], [ 75.8395318, 26.8914712 ], [ 75.8392925, 26.891704 ], [ 75.8387596, 26.8912028 ], [ 75.8380344, 26.8904267 ] ] ] ] } },
{ "type": "Feature", "properties": { "osm_way_id": "713309055", "leisure": "park" }, "geometry": { "type": "MultiPolygon", "coordinates": [ [ [ [ 75.8380464, 26.8903737 ], [ 75.8383275, 26.8901417 ], [ 75.8367913, 26.8886719 ], [ 75.8365111, 26.8888986 ], [ 75.8379869, 26.8903578 ], [ 75.8380464, 26.8903737 ] ] ] ] } },
{ "type": "Feature", "properties": { "osm_way_id": "713309198", "leisure": "park" }, "geometry": { "type": "MultiPolygon", "coordinates": [ [ [ [ 75.8312617, 26.8901571 ], [ 75.8320113, 26.8894316 ], [ 75.8323384, 26.8897074 ], [ 75.8314617, 26.8903613 ], [ 75.8314311, 26.89033 ], [ 75.8312617, 26.8901571 ] ] ] ] } },
{ "type": "Feature", "properties": { "osm_way_id": "713309279", "leisure": "park" }, "geometry": { "type": "MultiPolygon", "coordinates": [ [ [ [ 75.8332265, 26.8897735 ], [ 75.8334477, 26.8895763 ], [ 75.8337812, 26.8898802 ], [ 75.8338248, 26.8898964 ], [ 75.8353186, 26.8912998 ], [ 75.8348653, 26.8913968 ], [ 75.8332265, 26.8897735 ] ] ] ] } },
{ "type": "Feature", "properties": { "osm_way_id": "733428175", "leisure": "park" }, "geometry": { "type": "MultiPolygon", "coordinates": [ [ [ [ 75.7648734, 26.8560776 ], [ 75.7650444, 26.8562438 ], [ 75.7653191, 26.8565107 ], [ 75.7653403, 26.856102 ], [ 75.7653678, 26.8555724 ], [ 75.7650776, 26.8554722 ], [ 75.7648734, 26.8560776 ] ] ] ] } },
{ "type": "Feature", "properties": { "osm_way_id": "733428374", "leisure": "park" }, "geometry": { "type": "MultiPolygon", "coordinates": [ [ [ [ 75.7652213, 26.8474852 ], [ 75.7658027, 26.8477083 ], [ 75.7659721, 26.8473654 ], [ 75.76615, 26.8470054 ], [ 75.7655995, 26.8467918 ], [ 75.7652213, 26.8474852 ] ] ] ] } },
{ "type": "Feature", "properties": { "osm_way_id": "733428384", "leisure": "park" }, "geometry": { "type": "MultiPolygon", "coordinates": [ [ [ [ 75.7737237, 26.8485112 ], [ 75.7740608, 26.8486521 ], [ 75.774326, 26.848452 ], [ 75.7738993, 26.8481943 ], [ 75.7737237, 26.8485112 ] ] ] ] } },
{ "type": "Feature", "properties": { "osm_way_id": "733428758", "leisure": "park" }, "geometry": { "type": "MultiPolygon", "coordinates": [ [ [ [ 75.774437, 26.8451347 ], [ 75.7748066, 26.8452769 ], [ 75.7748393, 26.8452895 ], [ 75.775074, 26.8447596 ], [ 75.7750529, 26.8447515 ], [ 75.7747047, 26.8446173 ], [ 75.774437, 26.8451347 ] ] ] ] } },
{ "type": "Feature", "properties": { "osm_way_id": "733428803", "leisure": "park" }, "geometry": { "type": "MultiPolygon", "coordinates": [ [ [ [ 75.7707662, 26.8425117 ], [ 75.771057, 26.8424741 ], [ 75.7709768, 26.842052 ], [ 75.7707178, 26.8420812 ], [ 75.770712, 26.8420907 ], [ 75.7707236, 26.8421993 ], [ 75.7707662, 26.8425117 ] ] ] ] } },
{ "type": "Feature", "properties": { "osm_way_id": "733428844", "leisure": "park" }, "geometry": { "type": "MultiPolygon", "coordinates": [ [ [ [ 75.7669532, 26.8511543 ], [ 75.767263, 26.8512694 ], [ 75.7674067, 26.8509746 ], [ 75.7675833, 26.8506124 ], [ 75.7672741, 26.8504995 ], [ 75.7669532, 26.8511543 ] ] ] ] } },
{ "type": "Feature", "properties": { "osm_way_id": "733428945", "leisure": "park" }, "geometry": { "type": "MultiPolygon", "coordinates": [ [ [ [ 75.7585347, 26.8571808 ], [ 75.7588227, 26.8574219 ], [ 75.7583082, 26.857929 ], [ 75.7584843, 26.8580636 ], [ 75.758801, 26.8577274 ], [ 75.7592928, 26.8572169 ], [ 75.7593123, 26.8571984 ], [ 75.759407, 26.8571127 ], [ 75.7589966, 26.8567426 ], [ 75.7588806, 26.8568438 ], [ 75.7585347, 26.8571808 ] ] ] ] } },
{ "type": "Feature", "properties": { "osm_way_id": "733428952", "leisure": "park" }, "geometry": { "type": "MultiPolygon", "coordinates": [ [ [ [ 75.7565241, 26.856768 ], [ 75.757135, 26.8564251 ], [ 75.7576725, 26.8571741 ], [ 75.7571201, 26.8576587 ], [ 75.7565241, 26.856768 ] ] ] ] } },
{ "type": "Feature", "properties": { "osm_way_id": "733428972", "leisure": "park" }, "geometry": { "type": "MultiPolygon", "coordinates": [ [ [ [ 75.7557759, 26.8569771 ], [ 75.7564019, 26.8565903 ], [ 75.7571201, 26.8576587 ], [ 75.7565461, 26.8582162 ], [ 75.7557759, 26.8569771 ] ] ] ] } },
{ "type": "Feature", "properties": { "osm_way_id": "733428985", "leisure": "park" }, "geometry": { "type": "MultiPolygon", "coordinates": [ [ [ [ 75.7604067, 26.8618426 ], [ 75.7605358, 26.8621418 ], [ 75.7609585, 26.8619147 ], [ 75.7613303, 26.8617149 ], [ 75.7617676, 26.86148 ], [ 75.7618472, 26.8614063 ], [ 75.7618398, 26.8613521 ], [ 75.7615731, 26.8611 ], [ 75.761237, 26.8614063 ], [ 75.7608976, 26.8615957 ], [ 75.7606602, 26.8617269 ], [ 75.7604067, 26.8618426 ] ] ] ] } },
{ "type": "Feature", "properties": { "osm_way_id": "733429354", "leisure": "park" }, "geometry": { "type": "MultiPolygon", "coordinates": [ [ [ [ 75.7665, 26.8650729 ], [ 75.7671357, 26.8657198 ], [ 75.7672302, 26.8656397 ], [ 75.7673977, 26.8654978 ], [ 75.767617, 26.8653119 ], [ 75.7669848, 26.8646682 ], [ 75.7665, 26.8650729 ] ] ] ] } },
{ "type": "Feature", "properties": { "osm_way_id": "733429466", "leisure": "park" }, "geometry": { "type": "MultiPolygon", "coordinates": [ [ [ [ 75.7656457, 26.8664928 ], [ 75.7663498, 26.8665226 ], [ 75.7664282, 26.866472 ], [ 75.7656846, 26.8657725 ], [ 75.7656457, 26.8664928 ] ] ] ] } },
{ "type": "Feature", "properties": { "osm_way_id": "733429520", "leisure": "park" }, "geometry": { "type": "MultiPolygon", "coordinates": [ [ [ [ 75.761352, 26.8630956 ], [ 75.7614571, 26.8632063 ], [ 75.7616515, 26.8633699 ], [ 75.7618384, 26.8635042 ], [ 75.7621638, 26.8632032 ], [ 75.7620061, 26.8630745 ], [ 75.7618538, 26.8629506 ], [ 75.7618124, 26.862924 ], [ 75.761352, 26.8630956 ] ] ] ] } },
{ "type": "Feature", "properties": { "osm_way_id": "733429538", "leisure": "park" }, "geometry": { "type": "MultiPolygon", "coordinates": [ [ [ [ 75.7591778, 26.8642093 ], [ 75.7597069, 26.864407 ], [ 75.7595939, 26.8638004 ], [ 75.7593136, 26.8639159 ], [ 75.7591778, 26.8642093 ] ] ] ] } },
{ "type": "Feature", "properties": { "osm_way_id": "733429699", "leisure": "park" }, "geometry": { "type": "MultiPolygon", "coordinates": [ [ [ [ 75.7551495, 26.8634825 ], [ 75.7555085, 26.8636203 ], [ 75.7552383, 26.8640376 ], [ 75.7551379, 26.864386 ], [ 75.7549656, 26.86475 ], [ 75.7548265, 26.8651271 ], [ 75.7546826, 26.8654477 ], [ 75.754507, 26.8657827 ], [ 75.7543128, 26.8660851 ], [ 75.7541642, 26.8664169 ], [ 75.7538903, 26.8663024 ], [ 75.7540418, 26.8659683 ], [ 75.7539173, 26.865922 ], [ 75.7540896, 26.8655736 ], [ 75.7542622, 26.865252 ], [ 75.7544331, 26.8648902 ], [ 75.7544917, 26.8647723 ], [ 75.754746, 26.8642592 ], [ 75.7548655, 26.8640379 ], [ 75.7549491, 26.8638833 ], [ 75.7551104, 26.8634675 ], [ 75.7551495, 26.8634825 ] ] ] ] } },
{ "type": "Feature", "properties": { "osm_way_id": "733429795", "name": "TECHNOLOGY PARK", "leisure": "park" }, "geometry": { "type": "MultiPolygon", "coordinates": [ [ [ [ 75.7657987, 26.8693263 ], [ 75.766498, 26.8693368 ], [ 75.7671438, 26.8693465 ], [ 75.7671632, 26.8673827 ], [ 75.765871, 26.8673475 ], [ 75.7657668, 26.8692579 ], [ 75.7657987, 26.8693263 ] ] ] ] } },
{ "type": "Feature", "properties": { "osm_way_id": "733429894", "name": "GANESH PARK", "leisure": "park" }, "geometry": { "type": "MultiPolygon", "coordinates": [ [ [ [ 75.7575589, 26.8639627 ], [ 75.758497, 26.8643399 ], [ 75.7586091, 26.8640968 ], [ 75.757673, 26.8637124 ], [ 75.7575589, 26.8639627 ] ] ] ] } },
{ "type": "Feature", "properties": { "osm_way_id": "733429906", "leisure": "park" }, "geometry": { "type": "MultiPolygon", "coordinates": [ [ [ [ 75.7511191, 26.8772698 ], [ 75.7522471, 26.8773672 ], [ 75.752346, 26.8766262 ], [ 75.7514736, 26.8764897 ], [ 75.7511191, 26.8772698 ] ] ] ] } },
{ "type": "Feature", "properties": { "osm_way_id": "733429938", "name": "PUBLIC PARK", "leisure": "park" }, "geometry": { "type": "MultiPolygon", "coordinates": [ [ [ [ 75.7553069, 26.8773319 ], [ 75.7558601, 26.8773267 ], [ 75.7558317, 26.8769344 ], [ 75.7553037, 26.8769395 ], [ 75.7553069, 26.8773319 ] ] ] ] } },
{ "type": "Feature", "properties": { "osm_way_id": "733465207", "leisure": "park" }, "geometry": { "type": "MultiPolygon", "coordinates": [ [ [ [ 75.7578866, 26.8728297 ], [ 75.7584728, 26.8731801 ], [ 75.7581037, 26.8740789 ], [ 75.7579897, 26.874392 ], [ 75.7576601, 26.875158 ], [ 75.757465, 26.8751129 ], [ 75.7572493, 26.875764 ], [ 75.7571487, 26.8760183 ], [ 75.7566628, 26.8758337 ], [ 75.7567846, 26.8755863 ], [ 75.7568894, 26.8753734 ], [ 75.7568083, 26.8753416 ], [ 75.7575367, 26.8738628 ], [ 75.7576408, 26.8736564 ], [ 75.7577074, 26.8735244 ], [ 75.7577658, 26.8734087 ], [ 75.7578188, 26.8733083 ], [ 75.7576735, 26.8732472 ], [ 75.7578866, 26.8728297 ] ] ] ] } },
{ "type": "Feature", "properties": { "osm_way_id": "734026553", "leisure": "park" }, "geometry": { "type": "MultiPolygon", "coordinates": [ [ [ [ 75.7584975, 26.8714203 ], [ 75.758927, 26.8715896 ], [ 75.7594035, 26.8705675 ], [ 75.7590159, 26.8704145 ], [ 75.7588342, 26.8707671 ], [ 75.7586628, 26.8710996 ], [ 75.7584975, 26.8714203 ] ] ] ] } },
{ "type": "Feature", "properties": { "osm_way_id": "734026687", "leisure": "park" }, "geometry": { "type": "MultiPolygon", "coordinates": [ [ [ [ 75.7635322, 26.8646576 ], [ 75.7642863, 26.8653402 ], [ 75.7649632, 26.8647371 ], [ 75.7649654, 26.8646204 ], [ 75.7642895, 26.8639897 ], [ 75.7635322, 26.8646576 ] ] ] ] } },
{ "type": "Feature", "properties": { "osm_way_id": "734026739", "leisure": "park" }, "geometry": { "type": "MultiPolygon", "coordinates": [ [ [ [ 75.7674883, 26.8665039 ], [ 75.7677558, 26.8662962 ], [ 75.7679865, 26.866117 ], [ 75.7685808, 26.8667803 ], [ 75.7678854, 26.8668907 ], [ 75.7674883, 26.8665039 ] ] ] ] } },
{ "type": "Feature", "properties": { "osm_way_id": "734026812", "leisure": "park" }, "geometry": { "type": "MultiPolygon", "coordinates": [ [ [ [ 75.7643798, 26.8635431 ], [ 75.7649467, 26.8640177 ], [ 75.7652241, 26.8637749 ], [ 75.764597, 26.863224 ], [ 75.7643798, 26.8635431 ] ] ] ] } },
{ "type": "Feature", "properties": { "osm_way_id": "752697869", "name": "Sai Udhyaan", "leisure": "park" }, "geometry": { "type": "MultiPolygon", "coordinates": [ [ [ [ 75.7559129, 26.8740097 ], [ 75.7563468, 26.8742002 ], [ 75.7565714, 26.8737544 ], [ 75.7561193, 26.873589 ], [ 75.7559129, 26.8740097 ] ] ] ] } },
{ "type": "Feature", "properties": { "osm_way_id": "753860867", "leisure": "garden" }, "geometry": { "type": "MultiPolygon", "coordinates": [ [ [ [ 75.7886274, 26.9165251 ], [ 75.7890094, 26.9168028 ], [ 75.789362, 26.9168238 ], [ 75.7896969, 26.9166561 ], [ 75.7898556, 26.9159801 ], [ 75.7898615, 26.9156605 ], [ 75.7889389, 26.9154928 ], [ 75.7886274, 26.9165251 ] ] ] ] } },
{ "type": "Feature", "properties": { "osm_way_id": "754523375", "name": "Zorawar Park", "leisure": "garden", "other_tags": "\"access\"=>\"permissive\",\"fee\"=>\"no\",\"garden:type\"=>\"community\"" }, "geometry": { "type": "MultiPolygon", "coordinates": [ [ [ [ 75.7625706, 26.9246793 ], [ 75.7627101, 26.9249945 ], [ 75.7627455, 26.9250286 ], [ 75.7627808, 26.9250525 ], [ 75.7628373, 26.9250525 ], [ 75.7629024, 26.9250332 ], [ 75.7629309, 26.9249916 ], [ 75.7629507, 26.9249492 ], [ 75.7629423, 26.9249032 ], [ 75.7628091, 26.9245837 ], [ 75.7627554, 26.9245484 ], [ 75.7626734, 26.9245459 ], [ 75.7626027, 26.9245837 ], [ 75.7625706, 26.9246793 ] ] ] ] } },
{ "type": "Feature", "properties": { "osm_way_id": "754530045", "landuse": "grass" }, "geometry": { "type": "MultiPolygon", "coordinates": [ [ [ [ 75.7683532, 26.9306716 ], [ 75.7683532, 26.9302231 ], [ 75.7685209, 26.9299241 ], [ 75.7687125, 26.9297319 ], [ 75.7690798, 26.9295682 ], [ 75.769495, 26.9295326 ], [ 75.7698543, 26.9296678 ], [ 75.7700619, 26.9298814 ], [ 75.7701497, 26.9300095 ], [ 75.7701338, 26.9300736 ], [ 75.7690559, 26.9304722 ], [ 75.768449, 26.9307072 ], [ 75.7683532, 26.9306716 ] ] ] ] } },
{ "type": "Feature", "properties": { "osm_way_id": "754530054", "landuse": "grass" }, "geometry": { "type": "MultiPolygon", "coordinates": [ [ [ [ 75.7702604, 26.9300008 ], [ 75.7700875, 26.9297541 ], [ 75.7699422, 26.9296308 ], [ 75.7698302, 26.9295729 ], [ 75.7696801, 26.9295117 ], [ 75.7695921, 26.9294229 ], [ 75.7695442, 26.929326 ], [ 75.7695352, 26.9291783 ], [ 75.7695856, 26.9290537 ], [ 75.7696788, 26.9289579 ], [ 75.7697228, 26.9288276 ], [ 75.7697034, 26.9287099 ], [ 75.7696089, 26.9285864 ], [ 75.7694433, 26.9285022 ], [ 75.7693501, 26.9284364 ], [ 75.7693009, 26.928313 ], [ 75.7693411, 26.928178 ], [ 75.7694899, 26.9281191 ], [ 75.7695779, 26.9280891 ], [ 75.7696723, 26.928268 ], [ 75.7699674, 26.9281734 ], [ 75.7700554, 26.9281491 ], [ 75.7701757, 26.9284226 ], [ 75.7703026, 26.9287514 ], [ 75.770454, 26.9290802 ], [ 75.7705342, 26.9292614 ], [ 75.7707219, 26.9297033 ], [ 75.7706351, 26.9298717 ], [ 75.7705135, 26.9299363 ], [ 75.7703064, 26.9300102 ], [ 75.7702604, 26.9300008 ] ] ] ] } },
{ "type": "Feature", "properties": { "osm_way_id": "754530055", "landuse": "grass" }, "geometry": { "type": "MultiPolygon", "coordinates": [ [ [ [ 75.767825, 26.9309254 ], [ 75.768215, 26.9307795 ], [ 75.7682559, 26.9306993 ], [ 75.7682096, 26.9305606 ], [ 75.7682041, 26.930422 ], [ 75.7682123, 26.9303126 ], [ 75.7682641, 26.9301691 ], [ 75.768305, 26.9300208 ], [ 75.7682914, 26.9299041 ], [ 75.7682123, 26.9297849 ], [ 75.7681387, 26.9297192 ], [ 75.768005, 26.9296609 ], [ 75.7678741, 26.9296512 ], [ 75.7677923, 26.9296122 ], [ 75.7677022, 26.929549 ], [ 75.7676341, 26.9294785 ], [ 75.7676177, 26.9293666 ], [ 75.7676477, 26.9292475 ], [ 75.7676995, 26.9291478 ], [ 75.7676695, 26.9290237 ], [ 75.7676013, 26.9289216 ], [ 75.7675277, 26.9288803 ], [ 75.7674213, 26.928873 ], [ 75.7673313, 26.9289046 ], [ 75.767304, 26.9289143 ], [ 75.7674077, 26.9291064 ], [ 75.7672795, 26.9291794 ], [ 75.7671022, 26.9292207 ], [ 75.7670203, 26.9292523 ], [ 75.7671513, 26.929549 ], [ 75.767825, 26.9309254 ] ] ] ] } },
{ "type": "Feature", "properties": { "osm_way_id": "754530056", "landuse": "grass" }, "geometry": { "type": "MultiPolygon", "coordinates": [ [ [ [ 75.7687878, 26.9287191 ], [ 75.7688649, 26.928747 ], [ 75.7689384, 26.9287341 ], [ 75.769007, 26.9286826 ], [ 75.7690769, 26.9286246 ], [ 75.7691323, 26.9285558 ], [ 75.7691877, 26.9284742 ], [ 75.7692069, 26.928384 ], [ 75.7691684, 26.9282552 ], [ 75.7691082, 26.928223 ], [ 75.7690215, 26.928223 ], [ 75.768901, 26.9282595 ], [ 75.7688504, 26.9283003 ], [ 75.7687589, 26.928427 ], [ 75.7687589, 26.9285558 ], [ 75.7687493, 26.9286503 ], [ 75.7687878, 26.9287191 ] ] ] ] } },
{ "type": "Feature", "properties": { "osm_way_id": "754530057", "landuse": "grass" }, "geometry": { "type": "MultiPolygon", "coordinates": [ [ [ [ 75.767714, 26.9288775 ], [ 75.7677526, 26.928914 ], [ 75.7678032, 26.9289612 ], [ 75.7678995, 26.9289849 ], [ 75.7680079, 26.9289999 ], [ 75.7681043, 26.9290063 ], [ 75.7682151, 26.9289892 ], [ 75.7682825, 26.9289634 ], [ 75.7682946, 26.9288796 ], [ 75.7681958, 26.9287658 ], [ 75.7681211, 26.9287035 ], [ 75.7680055, 26.9286627 ], [ 75.7678586, 26.9286627 ], [ 75.7677526, 26.9286992 ], [ 75.7677116, 26.9287486 ], [ 75.767702, 26.9288023 ], [ 75.767714, 26.9288775 ] ] ] ] } },
{ "type": "Feature", "properties": { "osm_way_id": "754796588", "natural": "scrub", "other_tags": "\"leaf_type\"=>\"mixed\"" }, "geometry": { "type": "MultiPolygon", "coordinates": [ [ [ [ 75.7475315, 26.9109713 ], [ 75.7479026, 26.9109865 ], [ 75.7484098, 26.9109632 ], [ 75.7491823, 26.910977 ], [ 75.7502214, 26.9109915 ], [ 75.7502303, 26.9099998 ], [ 75.750243, 26.9097753 ], [ 75.7503306, 26.9097576 ], [ 75.7502968, 26.9081588 ], [ 75.7474832, 26.9079317 ], [ 75.7474337, 26.9081856 ], [ 75.7470874, 26.9097143 ], [ 75.7466416, 26.9096865 ], [ 75.7467365, 26.9109544 ], [ 75.7473501, 26.910931 ], [ 75.7475315, 26.9109713 ] ] ] ] } },
{ "type": "Feature", "properties": { "osm_way_id": "754796589", "natural": "scrub" }, "geometry": { "type": "MultiPolygon", "coordinates": [ [ [ [ 75.7503512, 26.9097257 ], [ 75.7528163, 26.9096864 ], [ 75.7527565, 26.9082203 ], [ 75.7503777, 26.9080766 ], [ 75.7503512, 26.9097257 ] ] ] ] } },
{ "type": "Feature", "properties": { "osm_way_id": "754796590", "name": "Girnar Park", "leisure": "park" }, "geometry": { "type": "MultiPolygon", "coordinates": [ [ [ [ 75.7444033, 26.9073444 ], [ 75.7447882, 26.9073929 ], [ 75.7449932, 26.9059005 ], [ 75.7442401, 26.9059826 ], [ 75.7444033, 26.9073444 ] ] ] ] } },
{ "type": "Feature", "properties": { "osm_way_id": "754796591", "leisure": "park" }, "geometry": { "type": "MultiPolygon", "coordinates": [ [ [ [ 75.7429048, 26.9044296 ], [ 75.7437735, 26.9044563 ], [ 75.7438634, 26.9035302 ], [ 75.7429677, 26.9034076 ], [ 75.7429048, 26.9044296 ] ] ] ] } },
{ "type": "Feature", "properties": { "osm_way_id": "754796592", "leisure": "park" }, "geometry": { "type": "MultiPolygon", "coordinates": [ [ [ [ 75.746876, 26.9074116 ], [ 75.7476238, 26.9073955 ], [ 75.7476004, 26.9064552 ], [ 75.7472239, 26.9064348 ], [ 75.7471991, 26.9065388 ], [ 75.7469346, 26.9065546 ], [ 75.746876, 26.9074116 ] ] ] ] } },
{ "type": "Feature", "properties": { "osm_way_id": "754897504", "landuse": "meadow" }, "geometry": { "type": "MultiPolygon", "coordinates": [ [ [ [ 75.7692888, 26.9456566 ], [ 75.7712144, 26.9456522 ], [ 75.7712488, 26.9446776 ], [ 75.7692888, 26.9446996 ], [ 75.7692888, 26.9456566 ] ] ] ] } },
{ "type": "Feature", "properties": { "osm_way_id": "754897507", "leisure": "garden" }, "geometry": { "type": "MultiPolygon", "coordinates": [ [ [ [ 75.7695999, 26.9491169 ], [ 75.7703596, 26.9489766 ], [ 75.770427, 26.9488764 ], [ 75.7702787, 26.9478706 ], [ 75.7694155, 26.9479427 ], [ 75.7695999, 26.9491169 ] ] ] ] } },
{ "type": "Feature", "properties": { "osm_way_id": "754897527", "landuse": "forest" }, "geometry": { "type": "MultiPolygon", "coordinates": [ [ [ [ 75.7562268, 26.9277045 ], [ 75.7571111, 26.9283766 ], [ 75.7577508, 26.9281989 ], [ 75.7571681, 26.9268314 ], [ 75.7582978, 26.926521 ], [ 75.7574254, 26.9256149 ], [ 75.7581605, 26.9253915 ], [ 75.7583821, 26.9250102 ], [ 75.7586264, 26.9242172 ], [ 75.7600467, 26.9238086 ], [ 75.761893, 26.9233231 ], [ 75.7605352, 26.9195707 ], [ 75.7559078, 26.9209834 ], [ 75.7562722, 26.9224857 ], [ 75.7565725, 26.9233677 ], [ 75.755967, 26.9240339 ], [ 75.75597, 26.9250807 ], [ 75.7559207, 26.9271078 ], [ 75.7559948, 26.9275365 ], [ 75.7562268, 26.9277045 ] ] ] ] } },
{ "type": "Feature", "properties": { "osm_way_id": "754897534", "leisure": "park" }, "geometry": { "type": "MultiPolygon", "coordinates": [ [ [ [ 75.7460491, 26.9170636 ], [ 75.746807, 26.9170845 ], [ 75.7468729, 26.9158115 ], [ 75.7461011, 26.9158085 ], [ 75.7460491, 26.9170636 ] ] ] ] } },
{ "type": "Feature", "properties": { "osm_way_id": "754897535", "name": "Laxmi Vatika", "landuse": "grass" }, "geometry": { "type": "MultiPolygon", "coordinates": [ [ [ [ 75.7391705, 26.9197975 ], [ 75.7403013, 26.9198234 ], [ 75.7403997, 26.9179936 ], [ 75.7414396, 26.9180459 ], [ 75.7414313, 26.9172355 ], [ 75.7405878, 26.9172344 ], [ 75.7390401, 26.9171956 ], [ 75.7390401, 26.9183498 ], [ 75.739301, 26.9184533 ], [ 75.7391705, 26.9197975 ] ] ] ] } },
{ "type": "Feature", "properties": { "osm_way_id": "755118826", "name": "Ajmera Garden", "leisure": "garden" }, "geometry": { "type": "MultiPolygon", "coordinates": [ [ [ [ 75.7475875, 26.8939647 ], [ 75.7501213, 26.8951863 ], [ 75.7502485, 26.8948005 ], [ 75.7505832, 26.8944573 ], [ 75.7509681, 26.8937707 ], [ 75.7486083, 26.8925915 ], [ 75.7475875, 26.8939647 ] ] ] ] } },
{ "type": "Feature", "properties": { "osm_way_id": "755118827", "name": "Mahatama Gandi Nagar Park", "leisure": "park" }, "geometry": { "type": "MultiPolygon", "coordinates": [ [ [ [ 75.745422, 26.8961765 ], [ 75.7466622, 26.8968111 ], [ 75.7468454, 26.8965434 ], [ 75.746465, 26.8963687 ], [ 75.7468235, 26.8958641 ], [ 75.7462114, 26.8956049 ], [ 75.7460961, 26.8957929 ], [ 75.7457157, 26.8956696 ], [ 75.745422, 26.8961765 ] ] ] ] } },
{ "type": "Feature", "properties": { "osm_way_id": "755118829", "landuse": "meadow" }, "geometry": { "type": "MultiPolygon", "coordinates": [ [ [ [ 75.7441188, 26.8934148 ], [ 75.7453159, 26.8937058 ], [ 75.7455575, 26.8933 ], [ 75.7445348, 26.8928453 ], [ 75.7441188, 26.8934148 ] ] ] ] } },
{ "type": "Feature", "properties": { "osm_way_id": "755118841", "leisure": "park" }, "geometry": { "type": "MultiPolygon", "coordinates": [ [ [ [ 75.7401781, 26.8981196 ], [ 75.7402163, 26.8977895 ], [ 75.7411565, 26.8980934 ], [ 75.7401781, 26.8981196 ] ] ] ] } },
{ "type": "Feature", "properties": { "osm_way_id": "755258615", "leisure": "garden" }, "geometry": { "type": "MultiPolygon", "coordinates": [ [ [ [ 75.853544, 26.9338688 ], [ 75.8539064, 26.9337949 ], [ 75.8538472, 26.9335689 ], [ 75.8534801, 26.933647 ], [ 75.853544, 26.9338688 ] ] ] ] } },
{ "type": "Feature", "properties": { "osm_way_id": "756962546", "landuse": "grass" }, "geometry": { "type": "MultiPolygon", "coordinates": [ [ [ [ 75.7328278, 26.9205476 ], [ 75.7327244, 26.9189562 ], [ 75.7330939, 26.9189299 ], [ 75.733105, 26.9187783 ], [ 75.7337442, 26.9187322 ], [ 75.7337775, 26.9204619 ], [ 75.7328278, 26.9205476 ] ] ] ] } },
{ "type": "Feature", "properties": { "osm_way_id": "757545696", "leisure": "garden" }, "geometry": { "type": "MultiPolygon", "coordinates": [ [ [ [ 75.7999846, 26.8984761 ], [ 75.8000901, 26.8986575 ], [ 75.800335, 26.8985366 ], [ 75.800384, 26.8983417 ], [ 75.8004442, 26.898214 ], [ 75.8005158, 26.8981267 ], [ 75.8004032, 26.8979097 ], [ 75.800237, 26.8979721 ], [ 75.8003049, 26.8980427 ], [ 75.8001918, 26.898251 ], [ 75.8001353, 26.8984089 ], [ 75.7999846, 26.8984761 ] ] ] ] } },
{ "type": "Feature", "properties": { "osm_way_id": "757545702", "leisure": "garden" }, "geometry": { "type": "MultiPolygon", "coordinates": [ [ [ [ 75.8010645, 26.9004384 ], [ 75.8012437, 26.9007618 ], [ 75.8014271, 26.9006971 ], [ 75.8013717, 26.9005754 ], [ 75.801602, 26.9004879 ], [ 75.8014954, 26.9002673 ], [ 75.8010645, 26.9004384 ] ] ] ] } },
{ "type": "Feature", "properties": { "osm_way_id": "757545703", "leisure": "garden" }, "geometry": { "type": "MultiPolygon", "coordinates": [ [ [ [ 75.800928, 26.9002711 ], [ 75.8008256, 26.9000162 ], [ 75.8009621, 26.8999439 ], [ 75.8009024, 26.899826 ], [ 75.8009877, 26.8997841 ], [ 75.8010432, 26.8998945 ], [ 75.8012949, 26.8997879 ], [ 75.801457, 26.9000656 ], [ 75.8009835, 26.9002787 ], [ 75.800928, 26.9002711 ] ] ] ] } },
{ "type": "Feature", "properties": { "osm_way_id": "757545706", "leisure": "garden" }, "geometry": { "type": "MultiPolygon", "coordinates": [ [ [ [ 75.8002722, 26.8989166 ], [ 75.8003157, 26.8989598 ], [ 75.8006209, 26.8991146 ], [ 75.8008413, 26.8991895 ], [ 75.8010304, 26.8992107 ], [ 75.8011288, 26.8991875 ], [ 75.8009311, 26.8988339 ], [ 75.8007787, 26.8988064 ], [ 75.8006413, 26.8987304 ], [ 75.8003351, 26.8988863 ], [ 75.8002722, 26.8989166 ] ] ] ] } },
{ "type": "Feature", "properties": { "osm_way_id": "758347887", "leisure": "garden" }, "geometry": { "type": "MultiPolygon", "coordinates": [ [ [ [ 75.8596313, 26.8486665 ], [ 75.8596964, 26.8486661 ], [ 75.8600237, 26.8486646 ], [ 75.8600258, 26.8484356 ], [ 75.8602358, 26.8484432 ], [ 75.8602294, 26.8480269 ], [ 75.859608, 26.8480212 ], [ 75.8596313, 26.8486665 ] ] ] ] } },
{ "type": "Feature", "properties": { "osm_way_id": "758347907", "landuse": "forest" }, "geometry": { "type": "MultiPolygon", "coordinates": [ [ [ [ 75.861331, 26.8479306 ], [ 75.861188, 26.8474297 ], [ 75.8612438, 26.8472649 ], [ 75.8615332, 26.8470782 ], [ 75.862872, 26.8471747 ], [ 75.8628337, 26.8474702 ], [ 75.8647756, 26.8476568 ], [ 75.8645316, 26.8481732 ], [ 75.8644165, 26.8481763 ], [ 75.8631998, 26.8479834 ], [ 75.8622968, 26.8479057 ], [ 75.861331, 26.8479306 ] ] ] ] } },
{ "type": "Feature", "properties": { "osm_way_id": "758347914", "leisure": "garden" }, "geometry": { "type": "MultiPolygon", "coordinates": [ [ [ [ 75.8616948, 26.8531846 ], [ 75.8617322, 26.853226 ], [ 75.8618135, 26.8532329 ], [ 75.8618496, 26.8532064 ], [ 75.8618548, 26.8530649 ], [ 75.8618548, 26.8529693 ], [ 75.8618315, 26.8529417 ], [ 75.8617503, 26.8529371 ], [ 75.8617025, 26.8529693 ], [ 75.8616909, 26.8530315 ], [ 75.8616948, 26.8531846 ] ] ] ] } },
{ "type": "Feature", "properties": { "osm_way_id": "758365102", "leisure": "garden" }, "geometry": { "type": "MultiPolygon", "coordinates": [ [ [ [ 75.8776909, 26.8559335 ], [ 75.8771925, 26.8551206 ], [ 75.8774028, 26.8550059 ], [ 75.8779246, 26.8558223 ], [ 75.8776909, 26.8559335 ] ] ] ] } },
{ "type": "Feature", "properties": { "osm_way_id": "758365104", "leisure": "garden" }, "geometry": { "type": "MultiPolygon", "coordinates": [ [ [ [ 75.8777883, 26.8560794 ], [ 75.8781855, 26.856743 ], [ 75.8783646, 26.8566943 ], [ 75.8784853, 26.8566492 ], [ 75.8780297, 26.8559613 ], [ 75.8779596, 26.8559578 ], [ 75.8778272, 26.8560204 ], [ 75.8777883, 26.8560794 ] ] ] ] } },
{ "type": "Feature", "properties": { "osm_way_id": "758365107", "leisure": "garden" }, "geometry": { "type": "MultiPolygon", "coordinates": [ [ [ [ 75.8762134, 26.8551891 ], [ 75.8763782, 26.8549082 ], [ 75.8762982, 26.8548892 ], [ 75.8761987, 26.8549111 ], [ 75.876153, 26.8549708 ], [ 75.8761334, 26.8550435 ], [ 75.8761563, 26.855128 ], [ 75.8762134, 26.8551891 ] ] ] ] } },
{ "type": "Feature", "properties": { "osm_way_id": "758365108", "leisure": "garden" }, "geometry": { "type": "MultiPolygon", "coordinates": [ [ [ [ 75.874987, 26.8551263 ], [ 75.8755513, 26.8544536 ], [ 75.8756263, 26.8549965 ], [ 75.8754455, 26.8551145 ], [ 75.874987, 26.8551263 ] ] ] ] } },
{ "type": "Feature", "properties": { "osm_way_id": "758365123", "landuse": "meadow" }, "geometry": { "type": "MultiPolygon", "coordinates": [ [ [ [ 75.8323916, 26.8375371 ], [ 75.8326918, 26.8380097 ], [ 75.8332517, 26.8388283 ], [ 75.8333293, 26.8388614 ], [ 75.8336969, 26.8382053 ], [ 75.8330628, 26.8371248 ], [ 75.8325029, 26.8373867 ], [ 75.8324084, 26.8374559 ], [ 75.8323916, 26.8375371 ] ] ] ] } },
{ "type": "Feature", "properties": { "osm_way_id": "758365127", "natural": "wood" }, "geometry": { "type": "MultiPolygon", "coordinates": [ [ [ [ 75.8105389, 26.876104 ], [ 75.8090733, 26.8707191 ], [ 75.8091862, 26.8706799 ], [ 75.8099478, 26.871048 ], [ 75.810326, 26.870311 ], [ 75.8106595, 26.8703008 ], [ 75.8132144, 26.8711817 ], [ 75.813544, 26.8695109 ], [ 75.8141584, 26.870353 ], [ 75.8144881, 26.870353 ], [ 75.8149975, 26.8699653 ], [ 75.8142483, 26.8685618 ], [ 75.8138737, 26.8667306 ], [ 75.8176797, 26.8659152 ], [ 75.8176704, 26.8665708 ], [ 75.8177277, 26.8668802 ], [ 75.8181747, 26.8670148 ], [ 75.8179644, 26.8676395 ], [ 75.8179644, 26.8685752 ], [ 75.818354, 26.8688024 ], [ 75.8190583, 26.8685485 ], [ 75.8188185, 26.868896 ], [ 75.8182341, 26.869551 ], [ 75.8181293, 26.8698718 ], [ 75.8178595, 26.8702728 ], [ 75.8161663, 26.8711282 ], [ 75.8153122, 26.8718233 ], [ 75.8143832, 26.8730663 ], [ 75.813604, 26.8741356 ], [ 75.8128697, 26.8755925 ], [ 75.8131544, 26.8763009 ], [ 75.8118358, 26.8754856 ], [ 75.8112215, 26.875539 ], [ 75.8105389, 26.876104 ] ] ] ] } },
{ "type": "Feature", "properties": { "osm_way_id": "758546124", "leisure": "garden" }, "geometry": { "type": "MultiPolygon", "coordinates": [ [ [ [ 75.7354228, 26.8990601 ], [ 75.7354171, 26.898949 ], [ 75.7363049, 26.898966 ], [ 75.7362979, 26.8990765 ], [ 75.7354228, 26.8990601 ] ] ] ] } },
{ "type": "Feature", "properties": { "osm_way_id": "758546156", "landuse": "grass" }, "geometry": { "type": "MultiPolygon", "coordinates": [ [ [ [ 75.7410495, 26.9025092 ], [ 75.7410508, 26.902272 ], [ 75.7412376, 26.902272 ], [ 75.7412596, 26.902289 ], [ 75.7412864, 26.9022925 ], [ 75.741322, 26.9022824 ], [ 75.7413284, 26.9022696 ], [ 75.7415223, 26.902272 ], [ 75.7415205, 26.9025057 ], [ 75.7410495, 26.9025092 ] ] ] ] } },
{ "type": "Feature", "properties": { "osm_way_id": "758546157", "landuse": "grass" }, "geometry": { "type": "MultiPolygon", "coordinates": [ [ [ [ 75.741052, 26.9021955 ], [ 75.7412386, 26.9021956 ], [ 75.7412607, 26.9021737 ], [ 75.7413087, 26.9021737 ], [ 75.741332, 26.902198 ], [ 75.7415153, 26.9021982 ], [ 75.7415155, 26.9020691 ], [ 75.7410522, 26.9020685 ], [ 75.741052, 26.9021955 ] ] ] ] } },
{ "type": "Feature", "properties": { "osm_way_id": "758546163", "leisure": "garden" }, "geometry": { "type": "MultiPolygon", "coordinates": [ [ [ [ 75.7408287, 26.9023676 ], [ 75.7408295, 26.9022895 ], [ 75.7409575, 26.9022906 ], [ 75.7409566, 26.9023687 ], [ 75.7408287, 26.9023676 ] ] ] ] } },
{ "type": "Feature", "properties": { "osm_way_id": "758546164", "leisure": "garden" }, "geometry": { "type": "MultiPolygon", "coordinates": [ [ [ [ 75.7408421, 26.9021719 ], [ 75.7408423, 26.9020894 ], [ 75.7409597, 26.9020897 ], [ 75.7409595, 26.9021722 ], [ 75.7408421, 26.9021719 ] ] ] ] } },
{ "type": "Feature", "properties": { "osm_way_id": "758546167", "leisure": "park" }, "geometry": { "type": "MultiPolygon", "coordinates": [ [ [ [ 75.740361, 26.9034113 ], [ 75.7404364, 26.9027727 ], [ 75.7407772, 26.9028123 ], [ 75.7408345, 26.9028348 ], [ 75.740829, 26.9031399 ], [ 75.7408652, 26.9031838 ], [ 75.7410841, 26.9032022 ], [ 75.7410282, 26.9036581 ], [ 75.7408328, 26.9036345 ], [ 75.7408563, 26.9034576 ], [ 75.740361, 26.9034113 ] ] ] ] } },
{ "type": "Feature", "properties": { "osm_way_id": "758640290", "leisure": "garden" }, "geometry": { "type": "MultiPolygon", "coordinates": [ [ [ [ 75.7744617, 26.9029665 ], [ 75.7745851, 26.9030095 ], [ 75.774695, 26.9030705 ], [ 75.774691, 26.9029533 ], [ 75.7744617, 26.9029665 ] ] ] ] } },
{ "type": "Feature", "properties": { "osm_way_id": "758640318", "leisure": "garden" }, "geometry": { "type": "MultiPolygon", "coordinates": [ [ [ [ 75.7634069, 26.9187546 ], [ 75.763451, 26.9188391 ], [ 75.7635193, 26.9189079 ], [ 75.7636229, 26.9189767 ], [ 75.7637376, 26.9190062 ], [ 75.7638875, 26.9190082 ], [ 75.7641432, 26.9189512 ], [ 75.7639933, 26.9185895 ], [ 75.7634069, 26.9187546 ] ] ] ] } },
{ "type": "Feature", "properties": { "osm_way_id": "758640319", "leisure": "garden" }, "geometry": { "type": "MultiPolygon", "coordinates": [ [ [ [ 75.7643483, 26.9189119 ], [ 75.764227, 26.9185423 ], [ 75.7648156, 26.9183556 ], [ 75.7648289, 26.9184873 ], [ 75.7647826, 26.9186308 ], [ 75.7647164, 26.9187546 ], [ 75.7646834, 26.9188136 ], [ 75.7643483, 26.9189119 ] ] ] ] } },
{ "type": "Feature", "properties": { "osm_way_id": "758640320", "leisure": "garden" }, "geometry": { "type": "MultiPolygon", "coordinates": [ [ [ [ 75.7640617, 26.9186032 ], [ 75.7641829, 26.9189355 ], [ 75.7641983, 26.9189551 ], [ 75.7642292, 26.9189551 ], [ 75.7642424, 26.9189335 ], [ 75.7642336, 26.9188686 ], [ 75.76413, 26.9185856 ], [ 75.7640925, 26.9185738 ], [ 75.7640617, 26.9186032 ] ] ] ] } },
{ "type": "Feature", "properties": { "osm_way_id": "758640321", "leisure": "park" }, "geometry": { "type": "MultiPolygon", "coordinates": [ [ [ [ 75.7513775, 26.9206982 ], [ 75.7513841, 26.920199 ], [ 75.7516399, 26.920199 ], [ 75.7516443, 26.9200161 ], [ 75.7520147, 26.9199061 ], [ 75.7521293, 26.9201931 ], [ 75.7518052, 26.9202678 ], [ 75.7518978, 26.9204977 ], [ 75.7521888, 26.9204329 ], [ 75.7522285, 26.9205174 ], [ 75.7519059, 26.9205987 ], [ 75.7518493, 26.920613 ], [ 75.7513863, 26.9207297 ], [ 75.7513775, 26.9206982 ] ] ] ] } },
{ "type": "Feature", "properties": { "osm_way_id": "758640336", "leisure": "park" }, "geometry": { "type": "MultiPolygon", "coordinates": [ [ [ [ 75.7306277, 26.9017161 ], [ 75.7310268, 26.9017613 ], [ 75.7311281, 26.9017266 ], [ 75.7311417, 26.9010789 ], [ 75.7310657, 26.9010754 ], [ 75.7306277, 26.9017161 ] ] ] ] } },
{ "type": "Feature", "properties": { "osm_way_id": "758640356", "leisure": "garden" }, "geometry": { "type": "MultiPolygon", "coordinates": [ [ [ [ 75.7386911, 26.8991821 ], [ 75.7388483, 26.8991821 ], [ 75.7388516, 26.8990609 ], [ 75.7384146, 26.899041 ], [ 75.7384113, 26.8991364 ], [ 75.7386298, 26.8991503 ], [ 75.7386476, 26.8990996 ], [ 75.7386933, 26.8991016 ], [ 75.7386911, 26.8991821 ] ] ] ] } },
{ "type": "Feature", "properties": { "osm_way_id": "758646726", "name": "Someshwar Park", "leisure": "garden" }, "geometry": { "type": "MultiPolygon", "coordinates": [ [ [ [ 75.7502183, 26.900133 ], [ 75.750612, 26.8994839 ], [ 75.750768, 26.8995104 ], [ 75.7509265, 26.9000447 ], [ 75.7508786, 26.9000818 ], [ 75.7506654, 26.9001467 ], [ 75.750456, 26.9001729 ], [ 75.7502183, 26.900133 ] ] ] ] } },
{ "type": "Feature", "properties": { "osm_way_id": "758683197", "leisure": "garden" }, "geometry": { "type": "MultiPolygon", "coordinates": [ [ [ [ 75.7366115, 26.8900552 ], [ 75.7367845, 26.8897318 ], [ 75.7368943, 26.889524 ], [ 75.7369875, 26.8893074 ], [ 75.7370939, 26.889165 ], [ 75.7371538, 26.8891146 ], [ 75.737217, 26.8890967 ], [ 75.7372836, 26.8890967 ], [ 75.7373634, 26.8891294 ], [ 75.7374466, 26.8891887 ], [ 75.7375065, 26.8892303 ], [ 75.7375198, 26.8892807 ], [ 75.7375131, 26.8893341 ], [ 75.7374632, 26.8893875 ], [ 75.7371039, 26.8896783 ], [ 75.7368344, 26.8898979 ], [ 75.7366448, 26.8900671 ], [ 75.7366115, 26.8900552 ] ] ] ] } },
{ "type": "Feature", "properties": { "osm_way_id": "758907568", "leisure": "garden" }, "geometry": { "type": "MultiPolygon", "coordinates": [ [ [ [ 75.7313198, 26.9166576 ], [ 75.7320253, 26.9166549 ], [ 75.732103, 26.9171343 ], [ 75.7324107, 26.9170983 ], [ 75.7323299, 26.9161838 ], [ 75.7313074, 26.9161034 ], [ 75.7313198, 26.9166576 ] ] ] ] } },
{ "type": "Feature", "properties": { "osm_way_id": "758907569", "leisure": "park" }, "geometry": { "type": "MultiPolygon", "coordinates": [ [ [ [ 75.7320448, 26.918218 ], [ 75.7329598, 26.9181427 ], [ 75.732914, 26.9177317 ], [ 75.7319955, 26.9178195 ], [ 75.7320448, 26.918218 ] ] ] ] } },
{ "type": "Feature", "properties": { "osm_way_id": "758907596", "leisure": "garden" }, "geometry": { "type": "MultiPolygon", "coordinates": [ [ [ [ 75.7369088, 26.9166191 ], [ 75.7369302, 26.916112 ], [ 75.736935, 26.9160221 ], [ 75.7369444, 26.91581 ], [ 75.7387241, 26.9158724 ], [ 75.7387157, 26.9160635 ], [ 75.737717, 26.9160287 ], [ 75.7376899, 26.9166464 ], [ 75.7369088, 26.9166191 ] ] ] ] } },
{ "type": "Feature", "properties": { "osm_way_id": "758907598", "name": "Hanuman Vatika park", "leisure": "park" }, "geometry": { "type": "MultiPolygon", "coordinates": [ [ [ [ 75.7415087, 26.9183808 ], [ 75.7415087, 26.9172297 ], [ 75.7424303, 26.9172574 ], [ 75.7424372, 26.9183685 ], [ 75.7415087, 26.9183808 ] ] ] ] } },
{ "type": "Feature", "properties": { "osm_way_id": "758907615", "leisure": "park" }, "geometry": { "type": "MultiPolygon", "coordinates": [ [ [ [ 75.7420012, 26.9159645 ], [ 75.7427206, 26.9159536 ], [ 75.742745, 26.9154263 ], [ 75.7420378, 26.9154018 ], [ 75.7420012, 26.9159645 ] ] ] ] } },
{ "type": "Feature", "properties": { "osm_way_id": "758907618", "name": "Children's park", "leisure": "park" }, "geometry": { "type": "MultiPolygon", "coordinates": [ [ [ [ 75.7345846, 26.9151375 ], [ 75.735496, 26.9148657 ], [ 75.7355204, 26.9144851 ], [ 75.7343986, 26.9144444 ], [ 75.7344017, 26.9146428 ], [ 75.7345846, 26.9151375 ] ] ] ] } },
{ "type": "Feature", "properties": { "osm_way_id": "758921484", "name": "Vivekananda Garden", "leisure": "garden" }, "geometry": { "type": "MultiPolygon", "coordinates": [ [ [ [ 75.8142802, 26.888722 ], [ 75.8141772, 26.8886803 ], [ 75.8140966, 26.8886026 ], [ 75.8140547, 26.888487 ], [ 75.8140873, 26.8883792 ], [ 75.8141204, 26.8883272 ], [ 75.8141761, 26.8882892 ], [ 75.8143769, 26.8882481 ], [ 75.8147857, 26.88815 ], [ 75.8166516, 26.8877556 ], [ 75.816772, 26.8882257 ], [ 75.8155142, 26.8884836 ], [ 75.8142802, 26.888722 ] ] ] ] } },
{ "type": "Feature", "properties": { "osm_way_id": "758921490", "leisure": "garden" }, "geometry": { "type": "MultiPolygon", "coordinates": [ [ [ [ 75.8142536, 26.8888532 ], [ 75.8143247, 26.8889278 ], [ 75.8143624, 26.8889465 ], [ 75.8144042, 26.8889334 ], [ 75.8144565, 26.8889073 ], [ 75.8145047, 26.888883 ], [ 75.8145381, 26.888883 ], [ 75.8145988, 26.8889073 ], [ 75.8146929, 26.8888961 ], [ 75.8147682, 26.8888812 ], [ 75.8148101, 26.8888569 ], [ 75.8148289, 26.8888252 ], [ 75.8148289, 26.8887898 ], [ 75.8148164, 26.8887524 ], [ 75.8147934, 26.8887245 ], [ 75.8147118, 26.8887375 ], [ 75.8142913, 26.8888345 ], [ 75.8142536, 26.8888532 ] ] ] ] } },
{ "type": "Feature", "properties": { "osm_way_id": "758921494", "leisure": "garden" }, "geometry": { "type": "MultiPolygon", "coordinates": [ [ [ [ 75.8140903, 26.8881925 ], [ 75.8140442, 26.8881841 ], [ 75.8140148, 26.888152 ], [ 75.8140099, 26.8881069 ], [ 75.8140279, 26.8880662 ], [ 75.8140621, 26.8880356 ], [ 75.8141029, 26.8880254 ], [ 75.8141584, 26.8880342 ], [ 75.814222, 26.8880487 ], [ 75.8142889, 26.8880487 ], [ 75.8143526, 26.8880356 ], [ 75.8144244, 26.887989 ], [ 75.8144978, 26.887957 ], [ 75.8145581, 26.8879352 ], [ 75.8146136, 26.8879468 ], [ 75.8146479, 26.8879789 ], [ 75.8146544, 26.8880342 ], [ 75.8146316, 26.8880793 ], [ 75.8145908, 26.8880953 ], [ 75.8145222, 26.8881157 ], [ 75.8144635, 26.8881171 ], [ 75.814377, 26.888152 ], [ 75.8142759, 26.8881622 ], [ 75.8142106, 26.888187 ], [ 75.8141339, 26.8881971 ], [ 75.8140903, 26.8881925 ] ] ] ] } },
{ "type": "Feature", "properties": { "osm_way_id": "758921499", "leisure": "garden" }, "geometry": { "type": "MultiPolygon", "coordinates": [ [ [ [ 75.8155395, 26.8874664 ], [ 75.815484, 26.887481 ], [ 75.8154449, 26.8874722 ], [ 75.8154122, 26.8874562 ], [ 75.8154008, 26.8874213 ], [ 75.8154122, 26.8873835 ], [ 75.8154351, 26.8873645 ], [ 75.8154759, 26.8873558 ], [ 75.8155118, 26.88735 ], [ 75.8155395, 26.8874664 ] ] ] ] } },
{ "type": "Feature", "properties": { "osm_way_id": "758921503", "leisure": "garden" }, "geometry": { "type": "MultiPolygon", "coordinates": [ [ [ [ 75.8147014, 26.8880445 ], [ 75.8144436, 26.8870934 ], [ 75.8153955, 26.8868881 ], [ 75.8155074, 26.8873005 ], [ 75.8153698, 26.8873302 ], [ 75.8153551, 26.8874032 ], [ 75.8153779, 26.8874821 ], [ 75.8154356, 26.8875108 ], [ 75.8155658, 26.8874828 ], [ 75.8156619, 26.8878374 ], [ 75.8147014, 26.8880445 ] ] ] ] } },
{ "type": "Feature", "properties": { "osm_way_id": "758956632", "leisure": "garden" }, "geometry": { "type": "MultiPolygon", "coordinates": [ [ [ [ 75.7982439, 26.8938166 ], [ 75.7984038, 26.894152 ], [ 75.7982929, 26.8941815 ], [ 75.7982036, 26.8941481 ], [ 75.7981099, 26.8939541 ], [ 75.7981272, 26.8938706 ], [ 75.7981762, 26.8938397 ], [ 75.7982439, 26.8938166 ] ] ] ] } },
{ "type": "Feature", "properties": { "osm_way_id": "759114300", "leisure": "park" }, "geometry": { "type": "MultiPolygon", "coordinates": [ [ [ [ 75.7443482, 26.8884925 ], [ 75.7449553, 26.8887999 ], [ 75.7453491, 26.8882291 ], [ 75.7446928, 26.8879169 ], [ 75.7443697, 26.8884565 ], [ 75.7443482, 26.8884925 ] ] ] ] } },
{ "type": "Feature", "properties": { "osm_way_id": "759114302", "name": "Nandan Kadan", "leisure": "park" }, "geometry": { "type": "MultiPolygon", "coordinates": [ [ [ [ 75.7442871, 26.889388 ], [ 75.7446809, 26.889588 ], [ 75.7450309, 26.8890417 ], [ 75.7446152, 26.8888076 ], [ 75.7443165, 26.8893359 ], [ 75.7442871, 26.889388 ] ] ] ] } },
{ "type": "Feature", "properties": { "osm_way_id": "759114304", "name": "Durlabh Bagh Sandwana Garden", "leisure": "garden" }, "geometry": { "type": "MultiPolygon", "coordinates": [ [ [ [ 75.7512294, 26.8956731 ], [ 75.7534919, 26.8968048 ], [ 75.7540909, 26.8960195 ], [ 75.7542046, 26.8931295 ], [ 75.754252, 26.8925718 ], [ 75.7540625, 26.8917944 ], [ 75.7513052, 26.8919549 ], [ 75.7512294, 26.8956731 ] ] ] ] } },
{ "type": "Feature", "properties": { "osm_way_id": "759350614", "name": "Khem didi park", "leisure": "park" }, "geometry": { "type": "MultiPolygon", "coordinates": [ [ [ [ 75.7466629, 26.8829662 ], [ 75.7469609, 26.883048 ], [ 75.7469471, 26.8819973 ], [ 75.7469104, 26.8819932 ], [ 75.7466629, 26.8829662 ] ] ] ] } },
{ "type": "Feature", "properties": { "osm_way_id": "759350617", "name": "Ravi park", "leisure": "park" }, "geometry": { "type": "MultiPolygon", "coordinates": [ [ [ [ 75.7497084, 26.8844294 ], [ 75.7502882, 26.8847318 ], [ 75.7505288, 26.8840001 ], [ 75.7504524, 26.8839529 ], [ 75.7500528, 26.8839215 ], [ 75.7497084, 26.8844294 ] ] ] ] } },
{ "type": "Feature", "properties": { "osm_way_id": "759350625", "name": "Ranvir shekhawat park", "leisure": "park" }, "geometry": { "type": "MultiPolygon", "coordinates": [ [ [ [ 75.7574209, 26.8871974 ], [ 75.7581608, 26.8873544 ], [ 75.7577729, 26.8862839 ], [ 75.7573692, 26.8864921 ], [ 75.7574227, 26.8868521 ], [ 75.7574209, 26.8871974 ] ] ] ] } },
{ "type": "Feature", "properties": { "osm_way_id": "759350627", "name": "Jai hanuman park", "leisure": "park" }, "geometry": { "type": "MultiPolygon", "coordinates": [ [ [ [ 75.7634107, 26.8884207 ], [ 75.7640137, 26.8885638 ], [ 75.7639359, 26.8880693 ], [ 75.7633717, 26.8881691 ], [ 75.7634107, 26.8884207 ] ] ] ] } },
{ "type": "Feature", "properties": { "osm_way_id": "759350630", "name": "Ahinsa Park", "leisure": "park" }, "geometry": { "type": "MultiPolygon", "coordinates": [ [ [ [ 75.7630058, 26.8901744 ], [ 75.7628062, 26.8891733 ], [ 75.7633924, 26.8892845 ], [ 75.763567, 26.8901187 ], [ 75.7630058, 26.8901744 ] ] ] ] } },
{ "type": "Feature", "properties": { "osm_way_id": "759350632", "name": "Subhash Park", "leisure": "park" }, "geometry": { "type": "MultiPolygon", "coordinates": [ [ [ [ 75.7599957, 26.8911828 ], [ 75.7608494, 26.8914688 ], [ 75.7612855, 26.8905901 ], [ 75.7612256, 26.8906065 ], [ 75.7605887, 26.8909029 ], [ 75.7599957, 26.8911828 ] ] ] ] } },
{ "type": "Feature", "properties": { "osm_way_id": "759350635", "name": "Hanuman Vatika Park", "leisure": "park" }, "geometry": { "type": "MultiPolygon", "coordinates": [ [ [ [ 75.7672571, 26.8907586 ], [ 75.7671417, 26.8902309 ], [ 75.7674731, 26.8901702 ], [ 75.7676003, 26.8907243 ], [ 75.7672571, 26.8907586 ] ] ] ] } },
{ "type": "Feature", "properties": { "osm_way_id": "759350639", "name": "Hari park", "leisure": "park" }, "geometry": { "type": "MultiPolygon", "coordinates": [ [ [ [ 75.765662, 26.8928034 ], [ 75.7660802, 26.8929336 ], [ 75.766265, 26.8928728 ], [ 75.7661629, 26.8923263 ], [ 75.7657014, 26.8924048 ], [ 75.765662, 26.8928034 ] ] ] ] } },
{ "type": "Feature", "properties": { "osm_way_id": "759350642", "name": "Gokul park", "leisure": "park" }, "geometry": { "type": "MultiPolygon", "coordinates": [ [ [ [ 75.7651519, 26.8966206 ], [ 75.7650822, 26.8962169 ], [ 75.7653028, 26.8961858 ], [ 75.7653956, 26.8965688 ], [ 75.7651519, 26.8966206 ] ] ] ] } },
{ "type": "Feature", "properties": { "osm_way_id": "759350644", "name": "Krishna Vatika", "leisure": "park" }, "geometry": { "type": "MultiPolygon", "coordinates": [ [ [ [ 75.7663341, 26.8976428 ], [ 75.7669136, 26.8978967 ], [ 75.7671247, 26.8976727 ], [ 75.7671552, 26.8975362 ], [ 75.7671426, 26.897395 ], [ 75.7670869, 26.8970178 ], [ 75.7662266, 26.8971414 ], [ 75.7663341, 26.8976428 ] ] ] ] } },
{ "type": "Feature", "properties": { "osm_way_id": "759398703", "leisure": "garden" }, "geometry": { "type": "MultiPolygon", "coordinates": [ [ [ [ 75.8129035, 26.8851407 ], [ 75.813023, 26.8851179 ], [ 75.8132213, 26.8848496 ], [ 75.8132171, 26.8846936 ], [ 75.8131253, 26.8846156 ], [ 75.8129974, 26.8846537 ], [ 75.8129291, 26.8847184 ], [ 75.8128673, 26.884823 ], [ 75.8128353, 26.8850265 ], [ 75.812831, 26.8851064 ], [ 75.8129035, 26.8851407 ] ] ] ] } },
{ "type": "Feature", "properties": { "osm_way_id": "759398704", "leisure": "garden" }, "geometry": { "type": "MultiPolygon", "coordinates": [ [ [ [ 75.8123106, 26.8845586 ], [ 75.8123191, 26.884629 ], [ 75.8123426, 26.8847298 ], [ 75.8123767, 26.8847983 ], [ 75.8124279, 26.8848534 ], [ 75.8125004, 26.8848839 ], [ 75.8125836, 26.8848991 ], [ 75.812654, 26.8848782 ], [ 75.812703, 26.8848287 ], [ 75.8127457, 26.8847716 ], [ 75.8127521, 26.8846955 ], [ 75.8127329, 26.8845985 ], [ 75.8127116, 26.8845262 ], [ 75.8126668, 26.8844463 ], [ 75.8125964, 26.8843969 ], [ 75.8125239, 26.8843759 ], [ 75.8124471, 26.8843816 ], [ 75.8123831, 26.8844102 ], [ 75.812334, 26.8844806 ], [ 75.8123106, 26.8845586 ] ] ] ] } },
{ "type": "Feature", "properties": { "osm_way_id": "759398709", "leisure": "garden" }, "geometry": { "type": "MultiPolygon", "coordinates": [ [ [ [ 75.811569, 26.8853677 ], [ 75.8116492, 26.8854914 ], [ 75.811742, 26.8855823 ], [ 75.8118188, 26.8856355 ], [ 75.8119139, 26.8856825 ], [ 75.8120307, 26.8857121 ], [ 75.8121924, 26.8857205 ], [ 75.8121178, 26.8854464 ], [ 75.8120055, 26.8853933 ], [ 75.8118818, 26.8853043 ], [ 75.811569, 26.8853677 ] ] ] ] } },
{ "type": "Feature", "properties": { "osm_way_id": "759398710", "leisure": "garden" }, "geometry": { "type": "MultiPolygon", "coordinates": [ [ [ [ 75.8118973, 26.8849662 ], [ 75.8119506, 26.8850652 ], [ 75.812021, 26.8851298 ], [ 75.8123175, 26.885282 ], [ 75.8124412, 26.885282 ], [ 75.8123601, 26.8849986 ], [ 75.8121938, 26.884913 ], [ 75.8119805, 26.8848844 ], [ 75.8118973, 26.8849662 ] ] ] ] } },
{ "type": "Feature", "properties": { "osm_way_id": "759398713", "leisure": "garden" }, "geometry": { "type": "MultiPolygon", "coordinates": [ [ [ [ 75.813309, 26.8853567 ], [ 75.8132549, 26.8851508 ], [ 75.8134824, 26.8851033 ], [ 75.8135364, 26.8853091 ], [ 75.813309, 26.8853567 ] ] ] ] } },
{ "type": "Feature", "properties": { "osm_way_id": "759398731", "leisure": "garden" }, "geometry": { "type": "MultiPolygon", "coordinates": [ [ [ [ 75.8207987, 26.8861437 ], [ 75.8208336, 26.886163 ], [ 75.8209467, 26.8861408 ], [ 75.8209717, 26.8861111 ], [ 75.8209301, 26.8859301 ], [ 75.8208952, 26.8859093 ], [ 75.8207837, 26.8859301 ], [ 75.8207538, 26.8859746 ], [ 75.8207987, 26.8861437 ] ] ] ] } },
{ "type": "Feature", "properties": { "osm_way_id": "759398750", "leisure": "garden" }, "geometry": { "type": "MultiPolygon", "coordinates": [ [ [ [ 75.8168949, 26.8870199 ], [ 75.8169417, 26.8870394 ], [ 75.8171433, 26.8870016 ], [ 75.8174121, 26.8869482 ], [ 75.8174603, 26.886913 ], [ 75.8174632, 26.8868661 ], [ 75.8174355, 26.8868075 ], [ 75.8173873, 26.8867671 ], [ 75.8173259, 26.8867189 ], [ 75.8172616, 26.8866954 ], [ 75.8171594, 26.8867085 ], [ 75.8170352, 26.8867345 ], [ 75.816987, 26.8867515 ], [ 75.8169417, 26.8867906 ], [ 75.8169037, 26.8868492 ], [ 75.8168876, 26.8869065 ], [ 75.8168803, 26.8869951 ], [ 75.8168949, 26.8870199 ] ] ] ] } },
{ "type": "Feature", "properties": { "osm_way_id": "759398762", "leisure": "garden" }, "geometry": { "type": "MultiPolygon", "coordinates": [ [ [ [ 75.8192972, 26.8823581 ], [ 75.8192781, 26.8823391 ], [ 75.8191082, 26.8823391 ], [ 75.8189406, 26.8831601 ], [ 75.8189824, 26.8831678 ], [ 75.8190146, 26.8832027 ], [ 75.8190158, 26.8832289 ], [ 75.8198812, 26.8830475 ], [ 75.8199067, 26.8830172 ], [ 75.8199067, 26.8829396 ], [ 75.8198961, 26.8828846 ], [ 75.8195839, 26.8829092 ], [ 75.8192569, 26.8826365 ], [ 75.8192972, 26.8823581 ] ] ] ] } },
{ "type": "Feature", "properties": { "osm_way_id": "759398771", "natural": "wood" }, "geometry": { "type": "MultiPolygon", "coordinates": [ [ [ [ 75.8259352, 26.8872933 ], [ 75.8242138, 26.882701 ], [ 75.8234539, 26.8827563 ], [ 75.8225854, 26.8822445 ], [ 75.8213292, 26.8813039 ], [ 75.8203211, 26.8815667 ], [ 75.8193751, 26.8812901 ], [ 75.8196233, 26.8799483 ], [ 75.820988, 26.8801834 ], [ 75.8215773, 26.8799345 ], [ 75.82181, 26.8796855 ], [ 75.8229421, 26.8800866 ], [ 75.8246215, 26.8777679 ], [ 75.8292996, 26.8803541 ], [ 75.830879, 26.8811811 ], [ 75.8315562, 26.8815561 ], [ 75.8319867, 26.8818175 ], [ 75.8322852, 26.8821073 ], [ 75.8323139, 26.8822231 ], [ 75.832281, 26.8824142 ], [ 75.8289904, 26.8851079 ], [ 75.8270829, 26.8867954 ], [ 75.8259352, 26.8872933 ] ] ] ] } },
{ "type": "Feature", "properties": { "osm_way_id": "759592848", "leisure": "garden" }, "geometry": { "type": "MultiPolygon", "coordinates": [ [ [ [ 75.806805, 26.8284825 ], [ 75.8068389, 26.828198 ], [ 75.8068436, 26.8281588 ], [ 75.8078747, 26.8283973 ], [ 75.8078608, 26.8286018 ], [ 75.8077426, 26.8289251 ], [ 75.8073243, 26.8288755 ], [ 75.8072277, 26.828711 ], [ 75.8071341, 26.8285387 ], [ 75.8069944, 26.8285059 ], [ 75.806805, 26.8284825 ] ] ] ] } },
{ "type": "Feature", "properties": { "osm_way_id": "759848574", "leisure": "garden" }, "geometry": { "type": "MultiPolygon", "coordinates": [ [ [ [ 75.8151466, 26.8935397 ], [ 75.8152302, 26.893514 ], [ 75.8152532, 26.8935988 ], [ 75.8153829, 26.8935654 ], [ 75.8151142, 26.8924889 ], [ 75.8148959, 26.8925476 ], [ 75.8151466, 26.8935397 ] ] ] ] } },
{ "type": "Feature", "properties": { "osm_way_id": "759848579", "leisure": "garden" }, "geometry": { "type": "MultiPolygon", "coordinates": [ [ [ [ 75.815554, 26.8940357 ], [ 75.8154906, 26.8937471 ], [ 75.8156454, 26.8937085 ], [ 75.8156702, 26.8937126 ], [ 75.8157011, 26.8937458 ], [ 75.8157925, 26.8939625 ], [ 75.815554, 26.8940357 ] ] ] ] } },
{ "type": "Feature", "properties": { "osm_way_id": "759848581", "leisure": "garden" }, "geometry": { "type": "MultiPolygon", "coordinates": [ [ [ [ 75.8154704, 26.8936891 ], [ 75.8153079, 26.8930457 ], [ 75.8153172, 26.8930277 ], [ 75.815345, 26.8930167 ], [ 75.8154952, 26.8931092 ], [ 75.8155308, 26.8931658 ], [ 75.8155463, 26.8932404 ], [ 75.8155448, 26.8933329 ], [ 75.8155571, 26.8933992 ], [ 75.8155664, 26.8934392 ], [ 75.8156082, 26.8935138 ], [ 75.815633, 26.8935732 ], [ 75.815633, 26.893616 ], [ 75.8156253, 26.893656 ], [ 75.8155571, 26.8936753 ], [ 75.8154704, 26.8936891 ] ] ] ] } },
{ "type": "Feature", "properties": { "osm_way_id": "759848582", "leisure": "garden" }, "geometry": { "type": "MultiPolygon", "coordinates": [ [ [ [ 75.8152807, 26.8929059 ], [ 75.8151659, 26.8924791 ], [ 75.8154927, 26.8924071 ], [ 75.8155501, 26.8924157 ], [ 75.8156048, 26.8924474 ], [ 75.8156376, 26.8924876 ], [ 75.8156499, 26.8925181 ], [ 75.8156581, 26.8926266 ], [ 75.8156445, 26.8927559 ], [ 75.8156212, 26.8929022 ], [ 75.815587, 26.8929315 ], [ 75.8155542, 26.8929461 ], [ 75.8153491, 26.892951 ], [ 75.8152944, 26.8929327 ], [ 75.8152807, 26.8929059 ] ] ] ] } },
{ "type": "Feature", "properties": { "osm_way_id": "759848584", "leisure": "garden" }, "geometry": { "type": "MultiPolygon", "coordinates": [ [ [ [ 75.8148309, 26.8924611 ], [ 75.8148232, 26.8924321 ], [ 75.8147777, 26.892437 ], [ 75.8147435, 26.8923087 ], [ 75.8147592, 26.8921551 ], [ 75.8148323, 26.892048 ], [ 75.8150045, 26.8918944 ], [ 75.8163488, 26.8911537 ], [ 75.8163792, 26.891199 ], [ 75.8163389, 26.8912474 ], [ 75.815958, 26.8914904 ], [ 75.8158326, 26.8915926 ], [ 75.8157103, 26.8918052 ], [ 75.8157134, 26.8918466 ], [ 75.8149238, 26.8920137 ], [ 75.8149548, 26.8921297 ], [ 75.8149114, 26.8921421 ], [ 75.8149656, 26.8923644 ], [ 75.8150152, 26.8923548 ], [ 75.8150322, 26.89241 ], [ 75.8148309, 26.8924611 ] ] ] ] } },
{ "type": "Feature", "properties": { "osm_way_id": "759848585", "leisure": "garden" }, "geometry": { "type": "MultiPolygon", "coordinates": [ [ [ [ 75.8144646, 26.8915773 ], [ 75.8144839, 26.8916555 ], [ 75.8145032, 26.8917118 ], [ 75.8145645, 26.8917649 ], [ 75.8146697, 26.8918056 ], [ 75.8148257, 26.8917556 ], [ 75.8147083, 26.8917102 ], [ 75.8145032, 26.8916008 ], [ 75.8144646, 26.8915773 ] ] ] ] } },
{ "type": "Feature", "properties": { "osm_way_id": "759848586", "leisure": "garden" }, "geometry": { "type": "MultiPolygon", "coordinates": [ [ [ [ 75.8145207, 26.8913537 ], [ 75.8145698, 26.8915242 ], [ 75.8148906, 26.8916836 ], [ 75.8150677, 26.8916274 ], [ 75.8149993, 26.8913021 ], [ 75.8149467, 26.8912677 ], [ 75.8145207, 26.8913537 ] ] ] ] } },
{ "type": "Feature", "properties": { "osm_way_id": "759848594", "leisure": "garden" }, "geometry": { "type": "MultiPolygon", "coordinates": [ [ [ [ 75.8141288, 26.8923873 ], [ 75.8144138, 26.8925176 ], [ 75.8143498, 26.8922817 ], [ 75.8143441, 26.892272 ], [ 75.8141566, 26.8923582 ], [ 75.8141288, 26.8923873 ] ] ] ] } },
{ "type": "Feature", "properties": { "osm_way_id": "759848600", "leisure": "garden" }, "geometry": { "type": "MultiPolygon", "coordinates": [ [ [ [ 75.8152691, 26.8940047 ], [ 75.8153457, 26.8943461 ], [ 75.8153936, 26.8943327 ], [ 75.8154086, 26.8944095 ], [ 75.8156383, 26.8943449 ], [ 75.8156028, 26.8942449 ], [ 75.8155809, 26.8942449 ], [ 75.8154729, 26.8938767 ], [ 75.8153334, 26.8939059 ], [ 75.8153512, 26.8939852 ], [ 75.8152691, 26.8940047 ] ] ] ] } },
{ "type": "Feature", "properties": { "osm_way_id": "759848605", "leisure": "garden" }, "geometry": { "type": "MultiPolygon", "coordinates": [ [ [ [ 75.8158369, 26.893942 ], [ 75.8158924, 26.8939194 ], [ 75.8157487, 26.8936469 ], [ 75.8156896, 26.8934606 ], [ 75.8156835, 26.8932926 ], [ 75.8157741, 26.8929965 ], [ 75.8159057, 26.8926109 ], [ 75.8160156, 26.8922523 ], [ 75.8160456, 26.8921452 ], [ 75.8161568, 26.8919876 ], [ 75.8163831, 26.8918566 ], [ 75.8164248, 26.8916565 ], [ 75.8163454, 26.891653 ], [ 75.8161945, 26.8917008 ], [ 75.8159225, 26.8919469 ], [ 75.8158769, 26.8920549 ], [ 75.8159086, 26.8922284 ], [ 75.8157816, 26.8923789 ], [ 75.8157478, 26.8925329 ], [ 75.8156645, 26.8929525 ], [ 75.8156188, 26.8931508 ], [ 75.8156029, 26.8933154 ], [ 75.8156029, 26.8933544 ], [ 75.8156387, 26.8934553 ], [ 75.8156744, 26.8935544 ], [ 75.8157439, 26.893735 ], [ 75.8158369, 26.893942 ] ] ] ] } },
{ "type": "Feature", "properties": { "osm_way_id": "759848606", "leisure": "garden" }, "geometry": { "type": "MultiPolygon", "coordinates": [ [ [ [ 75.814645, 26.8922074 ], [ 75.8145998, 26.8920949 ], [ 75.8147721, 26.8919622 ], [ 75.8147947, 26.8919706 ], [ 75.8147057, 26.8920823 ], [ 75.814645, 26.8922074 ] ] ] ] } },
{ "type": "Feature", "properties": { "osm_way_id": "759848613", "landuse": "grass" }, "geometry": { "type": "MultiPolygon", "coordinates": [ [ [ [ 75.819364, 26.8996742 ], [ 75.8193451, 26.8996718 ], [ 75.8193264, 26.8996751 ], [ 75.8193099, 26.8996837 ], [ 75.8192975, 26.8996966 ], [ 75.8192906, 26.8997125 ], [ 75.8192899, 26.8997295 ], [ 75.8192953, 26.8997453 ], [ 75.8193061, 26.8997588 ], [ 75.8193211, 26.8997685 ], [ 75.8193389, 26.8997733 ], [ 75.8193574, 26.8997729 ], [ 75.8193748, 26.8997672 ], [ 75.8193893, 26.8997568 ], [ 75.8193992, 26.8997428 ], [ 75.8194037, 26.8997267 ], [ 75.8194019, 26.8997098 ], [ 75.8193941, 26.8996943 ], [ 75.8193809, 26.899682 ], [ 75.819364, 26.8996742 ] ] ] ] } },
{ "type": "Feature", "properties": { "osm_way_id": "759848621", "leisure": "garden" }, "geometry": { "type": "MultiPolygon", "coordinates": [ [ [ [ 75.8142864, 26.8930777 ], [ 75.8141811, 26.8926729 ], [ 75.814337, 26.8926351 ], [ 75.8143136, 26.8925446 ], [ 75.8144436, 26.8926375 ], [ 75.8144682, 26.8926802 ], [ 75.8145475, 26.8929875 ], [ 75.8144655, 26.8930326 ], [ 75.8142864, 26.8930777 ] ] ] ] } },
{ "type": "Feature", "properties": { "osm_way_id": "759848624", "leisure": "garden" }, "geometry": { "type": "MultiPolygon", "coordinates": [ [ [ [ 75.814233, 26.8935898 ], [ 75.8146499, 26.8935314 ], [ 75.8146658, 26.8935119 ], [ 75.8145824, 26.8931189 ], [ 75.8145546, 26.8931047 ], [ 75.8144951, 26.8931171 ], [ 75.8144713, 26.893103 ], [ 75.8143085, 26.8931331 ], [ 75.814241, 26.8931738 ], [ 75.8142251, 26.8932464 ], [ 75.8141437, 26.8932676 ], [ 75.814233, 26.8935898 ] ] ] ] } },
{ "type": "Feature", "properties": { "osm_way_id": "759848660", "landuse": "grass" }, "geometry": { "type": "MultiPolygon", "coordinates": [ [ [ [ 75.7416104, 26.9113624 ], [ 75.7412004, 26.9113423 ], [ 75.7412355, 26.9107307 ], [ 75.7412772, 26.9107042 ], [ 75.7416424, 26.9107201 ], [ 75.7416104, 26.9113624 ] ] ] ] } },
{ "type": "Feature", "properties": { "osm_way_id": "760017444", "leisure": "park" }, "geometry": { "type": "MultiPolygon", "coordinates": [ [ [ [ 75.7395176, 26.9073208 ], [ 75.7395427, 26.9068432 ], [ 75.7405552, 26.9067014 ], [ 75.7406515, 26.9071566 ], [ 75.7395176, 26.9073208 ] ] ] ] } },
{ "type": "Feature", "properties": { "osm_way_id": "761915642", "landuse": "grass" }, "geometry": { "type": "MultiPolygon", "coordinates": [ [ [ [ 75.7974422, 26.8930591 ], [ 75.7986617, 26.8925649 ], [ 75.798659, 26.8925456 ], [ 75.7985177, 26.8922452 ], [ 75.7984933, 26.8922452 ], [ 75.7972901, 26.8927248 ], [ 75.797282, 26.8927611 ], [ 75.7974422, 26.8930591 ] ] ] ] } },
{ "type": "Feature", "properties": { "osm_way_id": "761916296", "landuse": "grass" }, "geometry": { "type": "MultiPolygon", "coordinates": [ [ [ [ 75.7975483, 26.8933236 ], [ 75.7974769, 26.8931793 ], [ 75.7979875, 26.8929613 ], [ 75.7980634, 26.8930798 ], [ 75.7975483, 26.8933236 ] ] ] ] } },
{ "type": "Feature", "properties": { "osm_way_id": "761916297", "landuse": "grass" }, "geometry": { "type": "MultiPolygon", "coordinates": [ [ [ [ 75.7983017, 26.8929671 ], [ 75.7982374, 26.8928717 ], [ 75.798691, 26.8926731 ], [ 75.7987397, 26.8927598 ], [ 75.7983017, 26.8929671 ] ] ] ] } },
{ "type": "Feature", "properties": { "osm_way_id": "761916298", "landuse": "grass" }, "geometry": { "type": "MultiPolygon", "coordinates": [ [ [ [ 75.7974293, 26.8933799 ], [ 75.7972515, 26.8930316 ], [ 75.7968308, 26.8932023 ], [ 75.7969179, 26.8933633 ], [ 75.7970777, 26.8933004 ], [ 75.7971803, 26.8934978 ], [ 75.7974293, 26.8933799 ] ] ] ] } },
{ "type": "Feature", "properties": { "osm_way_id": "761916299", "landuse": "grass" }, "geometry": { "type": "MultiPolygon", "coordinates": [ [ [ [ 75.7971184, 26.8927482 ], [ 75.796988, 26.8924938 ], [ 75.7967219, 26.8925932 ], [ 75.796836, 26.8928499 ], [ 75.7971184, 26.8927482 ] ] ] ] } },
{ "type": "Feature", "properties": { "osm_way_id": "761916300", "landuse": "grass" }, "geometry": { "type": "MultiPolygon", "coordinates": [ [ [ [ 75.7966594, 26.8925011 ], [ 75.7969392, 26.8923824 ], [ 75.796855, 26.8922153 ], [ 75.7968115, 26.8922129 ], [ 75.7967029, 26.8922637 ], [ 75.7966295, 26.8923049 ], [ 75.7966173, 26.8922722 ], [ 75.7965515, 26.8922922 ], [ 75.7966594, 26.8925011 ] ] ] ] } },
{ "type": "Feature", "properties": { "osm_way_id": "761916301", "landuse": "grass" }, "geometry": { "type": "MultiPolygon", "coordinates": [ [ [ [ 75.79647, 26.8921036 ], [ 75.796506, 26.8920923 ], [ 75.7964933, 26.8920545 ], [ 75.7965611, 26.8920262 ], [ 75.7965844, 26.8920413 ], [ 75.7967412, 26.8919657 ], [ 75.7966543, 26.8917957 ], [ 75.7966289, 26.8917957 ], [ 75.7963662, 26.8919034 ], [ 75.79647, 26.8921036 ] ] ] ] } },
{ "type": "Feature", "properties": { "osm_way_id": "761916302", "landuse": "grass" }, "geometry": { "type": "MultiPolygon", "coordinates": [ [ [ [ 75.7963069, 26.891807 ], [ 75.7965802, 26.8916955 ], [ 75.7964552, 26.8914499 ], [ 75.7961735, 26.891569 ], [ 75.7963069, 26.891807 ] ] ] ] } },
{ "type": "Feature", "properties": { "osm_way_id": "761916303", "landuse": "grass" }, "geometry": { "type": "MultiPolygon", "coordinates": [ [ [ [ 75.7965696, 26.8914046 ], [ 75.7965635, 26.8913213 ], [ 75.796555, 26.8912268 ], [ 75.7965805, 26.8910436 ], [ 75.7965953, 26.8909888 ], [ 75.796536, 26.890951 ], [ 75.7965063, 26.8909 ], [ 75.7964726, 26.8908249 ], [ 75.7972984, 26.8904336 ], [ 75.797325, 26.8904581 ], [ 75.7973652, 26.8905469 ], [ 75.7973567, 26.8906168 ], [ 75.7975686, 26.8906735 ], [ 75.7977325, 26.890783 ], [ 75.7977791, 26.8908983 ], [ 75.7965696, 26.8914046 ] ] ] ] } },
{ "type": "Feature", "properties": { "osm_way_id": "761916304", "landuse": "grass" }, "geometry": { "type": "MultiPolygon", "coordinates": [ [ [ [ 75.7989111, 26.8919775 ], [ 75.7985921, 26.8920937 ], [ 75.7983387, 26.8916424 ], [ 75.7984555, 26.8915673 ], [ 75.7984555, 26.8915455 ], [ 75.7986255, 26.891471 ], [ 75.7989111, 26.8919775 ] ] ] ] } },
{ "type": "Feature", "properties": { "osm_way_id": "761916305", "landuse": "grass" }, "geometry": { "type": "MultiPolygon", "coordinates": [ [ [ [ 75.7984961, 26.8912416 ], [ 75.7983224, 26.8913154 ], [ 75.7983061, 26.8913009 ], [ 75.798279, 26.8912985 ], [ 75.7981758, 26.8913445 ], [ 75.7979286, 26.8908649 ], [ 75.7980862, 26.8908043 ], [ 75.7982491, 26.8911459 ], [ 75.7984028, 26.8910761 ], [ 75.7984961, 26.8912416 ] ] ] ] } },
{ "type": "Feature", "properties": { "osm_way_id": "766136585", "name": "Mahaveer Park", "leisure": "park", "other_tags": "\"addr:city\"=>\"Jaipur Municipal Corporation\"" }, "geometry": { "type": "MultiPolygon", "coordinates": [ [ [ [ 75.7879515, 26.9654901 ], [ 75.7881199, 26.9654046 ], [ 75.7877593, 26.9647873 ], [ 75.787591, 26.9648688 ], [ 75.7879515, 26.9654901 ] ] ] ] } },
{ "type": "Feature", "properties": { "osm_way_id": "771068833", "leisure": "park" }, "geometry": { "type": "MultiPolygon", "coordinates": [ [ [ [ 75.8301476, 26.8866212 ], [ 75.830518, 26.8863419 ], [ 75.8297421, 26.8855658 ], [ 75.8293726, 26.885855 ], [ 75.8301476, 26.8866212 ] ] ] ] } },
{ "type": "Feature", "properties": { "osm_way_id": "787438129", "name": "Sector 2 Park", "leisure": "park", "other_tags": "\"name:hi\"=>\"सेक्टर 2 पार्क\"" }, "geometry": { "type": "MultiPolygon", "coordinates": [ [ [ [ 75.8206756, 26.8492925 ], [ 75.8209415, 26.8490898 ], [ 75.820473, 26.848686 ], [ 75.8202493, 26.8488384 ], [ 75.8204501, 26.8490568 ], [ 75.8205787, 26.849192 ], [ 75.8206756, 26.8492925 ] ] ] ] } },
{ "type": "Feature", "properties": { "osm_way_id": "791003541", "name": "Local park 1", "leisure": "park" }, "geometry": { "type": "MultiPolygon", "coordinates": [ [ [ [ 75.8301435, 26.8866505 ], [ 75.8291286, 26.8874501 ], [ 75.8293682, 26.8877167 ], [ 75.8303849, 26.8868873 ], [ 75.8301435, 26.8866505 ] ] ] ] } },
{ "type": "Feature", "properties": { "osm_way_id": "793221706", "leisure": "park", "other_tags": "\"addr:city\"=>\"Jaipur\",\"addr:housenumber\"=>\"151\",\"addr:postcode\"=>\"302020\",\"addr:street\"=>\"Shipra Path\"" }, "geometry": { "type": "MultiPolygon", "coordinates": [ [ [ [ 75.7730439, 26.8562186 ], [ 75.7731349, 26.8557163 ], [ 75.773692, 26.855771 ], [ 75.7735936, 26.8563094 ], [ 75.7730439, 26.8562186 ] ] ] ] } },
{ "type": "Feature", "properties": { "osm_way_id": "794329807", "leisure": "park" }, "geometry": { "type": "MultiPolygon", "coordinates": [ [ [ [ 75.7730735, 26.8566274 ], [ 75.7735205, 26.8567004 ], [ 75.7735936, 26.8563094 ], [ 75.7730439, 26.8562186 ], [ 75.7730507, 26.856312 ], [ 75.7730735, 26.8566274 ] ] ] ] } },
{ "type": "Feature", "properties": { "osm_way_id": "797221323", "name": "Maharana Pratap Park", "leisure": "park", "other_tags": "\"name:etymology:wikidata\"=>\"Q2722956\"" }, "geometry": { "type": "MultiPolygon", "coordinates": [ [ [ [ 75.8307331, 26.8867721 ], [ 75.8316234, 26.887602 ], [ 75.8318869, 26.8878768 ], [ 75.8321626, 26.888142 ], [ 75.8327879, 26.8887525 ], [ 75.8330966, 26.8885089 ], [ 75.8326936, 26.8881526 ], [ 75.8324515, 26.8878964 ], [ 75.832268, 26.8877053 ], [ 75.8320838, 26.8875102 ], [ 75.8321633, 26.8874121 ], [ 75.8318965, 26.887193 ], [ 75.832964, 26.8863203 ], [ 75.8327917, 26.8860628 ], [ 75.8323919, 26.8863803 ], [ 75.8321916, 26.8865458 ], [ 75.8317038, 26.8869501 ], [ 75.8314078, 26.8871675 ], [ 75.8308418, 26.8866679 ], [ 75.8307331, 26.8867721 ] ] ] ] } },
{ "type": "Feature", "properties": { "osm_way_id": "797222130", "name": "Hanuman Park", "leisure": "park" }, "geometry": { "type": "MultiPolygon", "coordinates": [ [ [ [ 75.774326, 26.848452 ], [ 75.7738304, 26.8488863 ], [ 75.7735685, 26.8487912 ], [ 75.7738993, 26.8481943 ], [ 75.774326, 26.848452 ] ] ] ] } },
{ "type": "Feature", "properties": { "osm_way_id": "797353970", "leisure": "park" }, "geometry": { "type": "MultiPolygon", "coordinates": [ [ [ [ 75.7659181, 26.8450457 ], [ 75.7663568, 26.8452022 ], [ 75.7666777, 26.844515 ], [ 75.7662359, 26.8443445 ], [ 75.7659181, 26.8450457 ] ] ] ] } },
{ "type": "Feature", "properties": { "osm_way_id": "799512013", "name": "Public Park", "leisure": "park", "other_tags": "\"addr:city\"=>\"Jaipur\",\"addr:postcode\"=>\"302017\",\"addr:street\"=>\"Block-B, Sector 4, Malviya Nagar\"" }, "geometry": { "type": "MultiPolygon", "coordinates": [ [ [ [ 75.8163106, 26.8524883 ], [ 75.8166822, 26.8527317 ], [ 75.8169261, 26.8530373 ], [ 75.8171525, 26.8534103 ], [ 75.8174602, 26.8539386 ], [ 75.8178783, 26.8537677 ], [ 75.8176286, 26.8532186 ], [ 75.8173557, 26.8528509 ], [ 75.8170712, 26.8526022 ], [ 75.8167055, 26.8523847 ], [ 75.816479, 26.8522345 ], [ 75.8163106, 26.8524883 ] ] ] ] } },
{ "type": "Feature", "properties": { "osm_way_id": "799512014", "name": "Sunrise Garden", "leisure": "park", "other_tags": "\"addr:city\"=>\"Jaipur\",\"addr:postcode\"=>\"302017\",\"addr:street\"=>\"Block-B, Sector 4, Malviya Nagar\"" }, "geometry": { "type": "MultiPolygon", "coordinates": [ [ [ [ 75.8174602, 26.8529286 ], [ 75.8185982, 26.851789 ], [ 75.8182324, 26.8514471 ], [ 75.8172977, 26.852768 ], [ 75.8174602, 26.8529286 ] ] ] ] } },
{ "type": "Feature", "properties": { "osm_way_id": "813026096", "name": "Woodland Park", "leisure": "park" }, "geometry": { "type": "MultiPolygon", "coordinates": [ [ [ [ 75.7784535, 26.8398865 ], [ 75.7795478, 26.8396376 ], [ 75.7790543, 26.8417341 ], [ 75.7787589, 26.8429287 ], [ 75.7788183, 26.8438114 ], [ 75.7787455, 26.844393 ], [ 75.7787991, 26.845134 ], [ 75.7789464, 26.8456958 ], [ 75.7787646, 26.8469321 ], [ 75.7786788, 26.8472001 ], [ 75.7782604, 26.847315 ], [ 75.7778741, 26.8471714 ], [ 75.7777347, 26.8468651 ], [ 75.7778956, 26.8455153 ], [ 75.7778634, 26.8445485 ], [ 75.7778634, 26.8439741 ], [ 75.7778956, 26.8433328 ], [ 75.777917, 26.841715 ], [ 75.7781638, 26.8410161 ], [ 75.7780565, 26.8405949 ], [ 75.7784535, 26.8405662 ], [ 75.7784535, 26.8398865 ] ] ] ] } },
{ "type": "Feature", "properties": { "osm_way_id": "816236337", "name": "A block park", "leisure": "park" }, "geometry": { "type": "MultiPolygon", "coordinates": [ [ [ [ 75.734482, 26.9138498 ], [ 75.7357185, 26.9138952 ], [ 75.735748, 26.9135126 ], [ 75.7366654, 26.9135867 ], [ 75.7366734, 26.9139359 ], [ 75.7376122, 26.9139933 ], [ 75.7376336, 26.9138187 ], [ 75.7368075, 26.9137972 ], [ 75.7367941, 26.9134982 ], [ 75.7356488, 26.9134241 ], [ 75.73563, 26.9137254 ], [ 75.7345089, 26.9136895 ], [ 75.734482, 26.9138498 ] ] ] ] } },
{ "type": "Feature", "properties": { "osm_way_id": "816250771", "name": "Public Park", "leisure": "park" }, "geometry": { "type": "MultiPolygon", "coordinates": [ [ [ [ 75.7406435, 26.9144178 ], [ 75.7406516, 26.9141643 ], [ 75.7421, 26.9142337 ], [ 75.7420866, 26.9145087 ], [ 75.7406435, 26.9144178 ] ] ] ] } },
{ "type": "Feature", "properties": { "osm_way_id": "821898201", "name": "Green Park", "leisure": "park" }, "geometry": { "type": "MultiPolygon", "coordinates": [ [ [ [ 75.7346767, 26.9126473 ], [ 75.7357983, 26.9126956 ], [ 75.7358477, 26.912215 ], [ 75.7357959, 26.912196 ], [ 75.735803, 26.912063 ], [ 75.7367209, 26.9120804 ], [ 75.7366966, 26.91274 ], [ 75.7377356, 26.9127705 ], [ 75.7377411, 26.9126211 ], [ 75.7368915, 26.9125963 ], [ 75.7369153, 26.9119449 ], [ 75.735651, 26.9119114 ], [ 75.7355954, 26.9124938 ], [ 75.7346979, 26.9124674 ], [ 75.7346767, 26.9126473 ] ] ] ] } },
{ "type": "Feature", "properties": { "osm_way_id": "827051480", "name": "Adinath Park", "leisure": "park" }, "geometry": { "type": "MultiPolygon", "coordinates": [ [ [ [ 75.8028533, 26.8512817 ], [ 75.8035459, 26.8511041 ], [ 75.803746, 26.8518682 ], [ 75.8037364, 26.8519049 ], [ 75.8036791, 26.8519506 ], [ 75.8030881, 26.8520426 ], [ 75.8028533, 26.8512817 ] ] ] ] } },
{ "type": "Feature", "properties": { "osm_way_id": "827051558", "name": "Shobhit Park", "leisure": "park" }, "geometry": { "type": "MultiPolygon", "coordinates": [ [ [ [ 75.803115, 26.8521425 ], [ 75.8038349, 26.8521467 ], [ 75.8046901, 26.8553211 ], [ 75.8040085, 26.8554857 ], [ 75.803115, 26.8521425 ] ] ] ] } },
{ "type": "Feature", "properties": { "osm_way_id": "827054920", "name": "Jai Jawan Colony Park", "leisure": "park" }, "geometry": { "type": "MultiPolygon", "coordinates": [ [ [ [ 75.8001901, 26.8541207 ], [ 75.8010093, 26.8539524 ], [ 75.8009298, 26.8536594 ], [ 75.8000994, 26.8538211 ], [ 75.8001901, 26.8541207 ] ] ] ] } },
{ "type": "Feature", "properties": { "osm_way_id": "828380132", "name": "Durga park", "leisure": "park" }, "geometry": { "type": "MultiPolygon", "coordinates": [ [ [ [ 75.792089, 26.849619 ], [ 75.7923278, 26.8501958 ], [ 75.7927248, 26.8500617 ], [ 75.7925691, 26.8494491 ], [ 75.7920756, 26.8495831 ], [ 75.792089, 26.849619 ] ] ] ] } },
{ "type": "Feature", "properties": { "osm_way_id": "829070534", "name": "Public Park", "leisure": "park" }, "geometry": { "type": "MultiPolygon", "coordinates": [ [ [ [ 75.7920724, 26.846145 ], [ 75.7931786, 26.8460706 ], [ 75.7932293, 26.8466716 ], [ 75.7921232, 26.8467458 ], [ 75.7920724, 26.846145 ] ] ] ] } },
{ "type": "Feature", "properties": { "osm_way_id": "836473713", "name": "Manak Bairathi Park", "leisure": "park" }, "geometry": { "type": "MultiPolygon", "coordinates": [ [ [ [ 75.8357481, 26.8878604 ], [ 75.836074, 26.8881959 ], [ 75.8362511, 26.8880545 ], [ 75.8359037, 26.8877232 ], [ 75.8358447, 26.887771 ], [ 75.8357964, 26.8878093 ], [ 75.8357481, 26.8878604 ] ] ] ] } },
{ "type": "Feature", "properties": { "osm_way_id": "836473714", "name": "Satish Chand Agarwal Park", "leisure": "park" }, "geometry": { "type": "MultiPolygon", "coordinates": [ [ [ [ 75.8361626, 26.8882334 ], [ 75.836443, 26.8885206 ], [ 75.8366005, 26.8884153 ], [ 75.8363086, 26.8881239 ], [ 75.8361626, 26.8882334 ] ] ] ] } },
{ "type": "Feature", "properties": { "osm_way_id": "836473715", "name": "Cactus Park", "leisure": "park" }, "geometry": { "type": "MultiPolygon", "coordinates": [ [ [ [ 75.8351456, 26.8890579 ], [ 75.8355997, 26.8895372 ], [ 75.8359704, 26.8892541 ], [ 75.8354537, 26.8887748 ], [ 75.8354236, 26.8888016 ], [ 75.8351456, 26.8890579 ] ] ] ] } },
{ "type": "Feature", "properties": { "osm_way_id": "836473716", "name": "Walk Park and Event Garden of Jain Temple", "leisure": "park" }, "geometry": { "type": "MultiPolygon", "coordinates": [ [ [ [ 75.8344574, 26.8890485 ], [ 75.8349149, 26.8894758 ], [ 75.8351566, 26.8892756 ], [ 75.8346948, 26.8887945 ], [ 75.8344574, 26.8890485 ] ] ] ] } },
{ "type": "Feature", "properties": { "osm_way_id": "836473717", "name": "Apna Park", "leisure": "park" }, "geometry": { "type": "MultiPolygon", "coordinates": [ [ [ [ 75.8355148, 26.8871471 ], [ 75.8357737, 26.8869277 ], [ 75.8361665, 26.8873087 ], [ 75.8358989, 26.887532 ], [ 75.8356831, 26.8873087 ], [ 75.8355148, 26.8871471 ] ] ] ] } },
{ "type": "Feature", "properties": { "osm_way_id": "836474190", "name": "Suraj Maidan", "leisure": "park" }, "geometry": { "type": "MultiPolygon", "coordinates": [ [ [ [ 75.8328148, 26.8943127 ], [ 75.8337312, 26.8935055 ], [ 75.835021, 26.8947769 ], [ 75.8340593, 26.8955437 ], [ 75.8335389, 26.8949988 ], [ 75.8328148, 26.8943127 ] ] ] ] } },
{ "type": "Feature", "properties": { "osm_way_id": "841115076", "name": "Jhulelal Park", "leisure": "park" }, "geometry": { "type": "MultiPolygon", "coordinates": [ [ [ [ 75.8349152, 26.8914792 ], [ 75.8353578, 26.891374 ], [ 75.8361325, 26.892157 ], [ 75.8361694, 26.8922688 ], [ 75.836051, 26.8924697 ], [ 75.8352988, 26.8917753 ], [ 75.8349152, 26.8914792 ] ] ] ] } },
{ "type": "Feature", "properties": { "osm_way_id": "863584209", "leisure": "garden" }, "geometry": { "type": "MultiPolygon", "coordinates": [ [ [ [ 75.7657415, 26.9252972 ], [ 75.7660268, 26.9260475 ], [ 75.7662574, 26.9266154 ], [ 75.7663006, 26.9263507 ], [ 75.7662977, 26.9260398 ], [ 75.7662775, 26.9259139 ], [ 75.7661161, 26.9256236 ], [ 75.7659432, 26.9254334 ], [ 75.7658078, 26.9252895 ], [ 75.7657415, 26.9252972 ] ] ] ] } },
{ "type": "Feature", "properties": { "osm_way_id": "863584215", "leisure": "garden" }, "geometry": { "type": "MultiPolygon", "coordinates": [ [ [ [ 75.7634622, 26.9282651 ], [ 75.7635668, 26.9284103 ], [ 75.7637166, 26.9285197 ], [ 75.7638969, 26.9285825 ], [ 75.7640901, 26.9285926 ], [ 75.7642775, 26.9285491 ], [ 75.7644405, 26.9284561 ], [ 75.7645635, 26.9283227 ], [ 75.7646342, 26.928162 ], [ 75.7646458, 26.9279897 ], [ 75.764589, 26.9278066 ], [ 75.764466, 26.9276514 ], [ 75.7642912, 26.9275426 ], [ 75.7640854, 26.9274931 ], [ 75.763873, 26.9275088 ], [ 75.7636791, 26.9275877 ], [ 75.7635266, 26.9277205 ], [ 75.7634338, 26.9278915 ], [ 75.7634114, 26.9280805 ], [ 75.7634622, 26.9282651 ] ] ] ] } },
{ "type": "Feature", "properties": { "osm_way_id": "865571522", "landuse": "grass" }, "geometry": { "type": "MultiPolygon", "coordinates": [ [ [ [ 75.7552227, 26.9005236 ], [ 75.7551185, 26.9002276 ], [ 75.7555757, 26.9002213 ], [ 75.7552227, 26.9005236 ] ] ] ] } },
{ "type": "Feature", "properties": { "osm_way_id": "865638277", "landuse": "forest" }, "geometry": { "type": "MultiPolygon", "coordinates": [ [ [ [ 75.8169304, 26.8645248 ], [ 75.8170262, 26.8646388 ], [ 75.8178403, 26.8646672 ], [ 75.8180265, 26.8646767 ], [ 75.8181116, 26.8649615 ], [ 75.8184256, 26.8650327 ], [ 75.8186012, 26.8649141 ], [ 75.8189311, 26.8647479 ], [ 75.8190854, 26.86471 ], [ 75.8196973, 26.8648951 ], [ 75.819809, 26.8648761 ], [ 75.820075, 26.8649615 ], [ 75.8201282, 26.865028 ], [ 75.8203464, 26.8659536 ], [ 75.8210115, 26.8660532 ], [ 75.8212882, 26.86424 ], [ 75.8226663, 26.8644346 ], [ 75.8227727, 26.8637179 ], [ 75.8222619, 26.8636942 ], [ 75.822363, 26.8631483 ], [ 75.8225173, 26.8631531 ], [ 75.8226131, 26.8627306 ], [ 75.8224694, 26.8626736 ], [ 75.822198, 26.8626689 ], [ 75.822214, 26.862555 ], [ 75.8211924, 26.8624506 ], [ 75.8209583, 26.8625835 ], [ 75.8213786, 26.8630771 ], [ 75.8213981, 26.863132 ], [ 75.8213463, 26.863207 ], [ 75.8212686, 26.8632821 ], [ 75.8210938, 26.863363 ], [ 75.8209255, 26.8634352 ], [ 75.820686, 26.8634814 ], [ 75.8204885, 26.8634814 ], [ 75.8203364, 26.8634727 ], [ 75.8202684, 26.8634323 ], [ 75.820249, 26.8633774 ], [ 75.8202167, 26.8632821 ], [ 75.8201843, 26.8632417 ], [ 75.8200678, 26.8632099 ], [ 75.8198153, 26.8630685 ], [ 75.8196858, 26.862927 ], [ 75.8195855, 26.8628057 ], [ 75.8194754, 26.8625776 ], [ 75.8193848, 26.8625834 ], [ 75.8191097, 26.8626065 ], [ 75.8190288, 26.8621387 ], [ 75.8186048, 26.8622542 ], [ 75.8183944, 26.8623206 ], [ 75.8182552, 26.8623957 ], [ 75.8174331, 26.8629096 ], [ 75.8176176, 26.8631724 ], [ 75.8172842, 26.8633543 ], [ 75.8170964, 26.8630887 ], [ 75.8169896, 26.8631637 ], [ 75.8170544, 26.8632417 ], [ 75.8167728, 26.8634496 ], [ 75.8169637, 26.8636633 ], [ 75.8169378, 26.8637239 ], [ 75.8168731, 26.863825 ], [ 75.8168116, 26.8638221 ], [ 75.8168084, 26.863874 ], [ 75.8169304, 26.8645248 ] ] ] ] } },
{ "type": "Feature", "properties": { "osm_way_id": "865638278", "name": "Calgiri park", "leisure": "garden", "other_tags": "\"garden:type\"=>\"residential\"" }, "geometry": { "type": "MultiPolygon", "coordinates": [ [ [ [ 75.8084397, 26.8596942 ], [ 75.8085604, 26.8599359 ], [ 75.8078961, 26.8601267 ], [ 75.8068179, 26.8604657 ], [ 75.8068602, 26.8603904 ], [ 75.8069119, 26.8603222 ], [ 75.8069652, 26.8602744 ], [ 75.8070004, 26.8602606 ], [ 75.8084397, 26.8596942 ] ] ] ] } },
{ "type": "Feature", "properties": { "osm_way_id": "865638286", "landuse": "forest" }, "geometry": { "type": "MultiPolygon", "coordinates": [ [ [ [ 75.8078164, 26.8601703 ], [ 75.8079636, 26.8607241 ], [ 75.8080141, 26.8608525 ], [ 75.8082236, 26.8608097 ], [ 75.8081857, 26.8618141 ], [ 75.8083574, 26.8618636 ], [ 75.8083448, 26.861983 ], [ 75.8084003, 26.8621114 ], [ 75.8085164, 26.8621024 ], [ 75.8085417, 26.8622848 ], [ 75.8083044, 26.8623298 ], [ 75.8084331, 26.8628793 ], [ 75.8086099, 26.8628501 ], [ 75.8087512, 26.8629086 ], [ 75.8088648, 26.8633275 ], [ 75.8088421, 26.8634986 ], [ 75.808673, 26.8638274 ], [ 75.8085897, 26.8639738 ], [ 75.8085568, 26.8641022 ], [ 75.808572, 26.864163 ], [ 75.8086906, 26.8645706 ], [ 75.808418, 26.8646111 ], [ 75.8083347, 26.8646539 ], [ 75.8083826, 26.8647868 ], [ 75.8082968, 26.8648048 ], [ 75.808259, 26.8646629 ], [ 75.807802, 26.8647575 ], [ 75.8076821, 26.864783 ], [ 75.8071905, 26.8628975 ], [ 75.8067134, 26.8610922 ], [ 75.8066937, 26.86082 ], [ 75.8067882, 26.8605091 ], [ 75.8068179, 26.8604657 ], [ 75.8072303, 26.8603437 ], [ 75.8078009, 26.8601749 ], [ 75.8078164, 26.8601703 ] ] ] ] } },
{ "type": "Feature", "properties": { "osm_way_id": "865638289", "leisure": "garden" }, "geometry": { "type": "MultiPolygon", "coordinates": [ [ [ [ 75.8059154, 26.8604481 ], [ 75.8059511, 26.8605595 ], [ 75.806018, 26.8606411 ], [ 75.8061094, 26.8607047 ], [ 75.8061473, 26.8607186 ], [ 75.8061807, 26.8607127 ], [ 75.8062075, 26.8606789 ], [ 75.8062209, 26.8606112 ], [ 75.8061139, 26.8602055 ], [ 75.8059796, 26.8597101 ], [ 75.8058865, 26.859758 ], [ 75.805795, 26.8598932 ], [ 75.8057794, 26.8599708 ], [ 75.8058419, 26.8602154 ], [ 75.8059154, 26.8604481 ] ] ] ] } },
{ "type": "Feature", "properties": { "osm_way_id": "865638290", "leisure": "garden" }, "geometry": { "type": "MultiPolygon", "coordinates": [ [ [ [ 75.8061919, 26.8596983 ], [ 75.8063925, 26.8603825 ], [ 75.8064706, 26.8604362 ], [ 75.8065196, 26.8604481 ], [ 75.8065531, 26.8604382 ], [ 75.8066155, 26.8603845 ], [ 75.806747, 26.8602493 ], [ 75.8065887, 26.8602353 ], [ 75.8065018, 26.8602015 ], [ 75.8064104, 26.860116 ], [ 75.8063413, 26.8600166 ], [ 75.8061919, 26.8596983 ] ] ] ] } },
{ "type": "Feature", "properties": { "osm_way_id": "865638291", "leisure": "garden" }, "geometry": { "type": "MultiPolygon", "coordinates": [ [ [ [ 75.8064951, 26.8608738 ], [ 75.8064059, 26.8605217 ], [ 75.8064973, 26.8605476 ], [ 75.8065598, 26.8605416 ], [ 75.8066311, 26.8604879 ], [ 75.8067493, 26.8603606 ], [ 75.8066066, 26.8605536 ], [ 75.8065441, 26.8606988 ], [ 75.8064951, 26.8608738 ] ] ] ] } },
{ "type": "Feature", "properties": { "osm_way_id": "865638292", "leisure": "garden" }, "geometry": { "type": "MultiPolygon", "coordinates": [ [ [ [ 75.8059912, 26.8607743 ], [ 75.8060091, 26.8607624 ], [ 75.8061005, 26.8608062 ], [ 75.8061629, 26.8608181 ], [ 75.8062164, 26.8608121 ], [ 75.8062521, 26.8607962 ], [ 75.8062788, 26.8607604 ], [ 75.8062944, 26.8607743 ], [ 75.8063502, 26.8609653 ], [ 75.8063524, 26.8609931 ], [ 75.8063301, 26.8609951 ], [ 75.8062164, 26.8609394 ], [ 75.8061049, 26.8608758 ], [ 75.8059912, 26.8607743 ] ] ] ] } },
{ "type": "Feature", "properties": { "osm_way_id": "865638317", "name": "JDA Jaldhara", "leisure": "garden", "other_tags": "\"access\"=>\"yes\"" }, "geometry": { "type": "MultiPolygon", "coordinates": [ [ [ [ 75.8088983, 26.8711674 ], [ 75.808732, 26.8705932 ], [ 75.8085791, 26.8699974 ], [ 75.8084611, 26.8699663 ], [ 75.8083668, 26.869894 ], [ 75.8083002, 26.8698395 ], [ 75.8081014, 26.8695456 ], [ 75.8080455, 26.869463 ], [ 75.8080185, 26.8694232 ], [ 75.80793, 26.8693562 ], [ 75.8079247, 26.8692796 ], [ 75.8079622, 26.8691911 ], [ 75.8079998, 26.8691337 ], [ 75.8080722, 26.8691169 ], [ 75.8080561, 26.8690404 ], [ 75.8077262, 26.8690858 ], [ 75.8073426, 26.8685858 ], [ 75.8071576, 26.868313 ], [ 75.8069805, 26.8679684 ], [ 75.8063046, 26.8679876 ], [ 75.8063324, 26.8681287 ], [ 75.8063395, 26.8681646 ], [ 75.8066345, 26.8683704 ], [ 75.8067633, 26.8684589 ], [ 75.8068813, 26.868959 ], [ 75.8071656, 26.8691456 ], [ 75.8073453, 26.8693227 ], [ 75.8071361, 26.8693562 ], [ 75.8073936, 26.8695763 ], [ 75.8075813, 26.8698299 ], [ 75.8078147, 26.8701338 ], [ 75.8080346, 26.8704209 ], [ 75.8081205, 26.8706291 ], [ 75.8083377, 26.870897 ], [ 75.8084396, 26.8712344 ], [ 75.8084531, 26.8713157 ], [ 75.8085872, 26.8713947 ], [ 75.8087159, 26.8713732 ], [ 75.80885, 26.8713086 ], [ 75.8088956, 26.8712368 ], [ 75.8088983, 26.8711674 ] ] ] ] } },
{ "type": "Feature", "properties": { "osm_way_id": "865638320", "leisure": "garden" }, "geometry": { "type": "MultiPolygon", "coordinates": [ [ [ [ 75.8089013, 26.8701562 ], [ 75.8086834, 26.8691335 ], [ 75.8088326, 26.8690258 ], [ 75.8089297, 26.8689708 ], [ 75.8091169, 26.8689624 ], [ 75.8094959, 26.8690532 ], [ 75.8096854, 26.8691377 ], [ 75.8098322, 26.8698203 ], [ 75.8096522, 26.8700041 ], [ 75.8093395, 26.870095 ], [ 75.8091098, 26.8702281 ], [ 75.8089013, 26.8701562 ] ] ] ] } },
{ "type": "Feature", "properties": { "osm_way_id": "865674770", "leisure": "garden" }, "geometry": { "type": "MultiPolygon", "coordinates": [ [ [ [ 75.8004125, 26.896966 ], [ 75.8005604, 26.897271 ], [ 75.8012658, 26.8969469 ], [ 75.8011162, 26.8966482 ], [ 75.8004125, 26.896966 ] ] ] ] } },
{ "type": "Feature", "properties": { "osm_way_id": "866422918", "landuse": "grass" }, "geometry": { "type": "MultiPolygon", "coordinates": [ [ [ [ 75.8056109, 26.8690666 ], [ 75.8059375, 26.8690663 ], [ 75.8059369, 26.8686691 ], [ 75.8058279, 26.8685648 ], [ 75.8058041, 26.8685577 ], [ 75.8057823, 26.8685595 ], [ 75.8057605, 26.8685665 ], [ 75.8057605, 26.8686002 ], [ 75.8056103, 26.8686004 ], [ 75.8056109, 26.8690666 ] ] ] ] } },
{ "type": "Feature", "properties": { "osm_way_id": "866422926", "leisure": "park" }, "geometry": { "type": "MultiPolygon", "coordinates": [ [ [ [ 75.801367, 26.8666399 ], [ 75.802072, 26.8666294 ], [ 75.8019482, 26.8665381 ], [ 75.8018388, 26.8664575 ], [ 75.8017749, 26.8664318 ], [ 75.801695, 26.8664309 ], [ 75.8015832, 26.8664423 ], [ 75.8014905, 26.866466 ], [ 75.8013947, 26.8665781 ], [ 75.801367, 26.8666399 ] ] ] ] } },
{ "type": "Feature", "properties": { "osm_way_id": "866422933", "landuse": "grass" }, "geometry": { "type": "MultiPolygon", "coordinates": [ [ [ [ 75.8015978, 26.8666189 ], [ 75.8015984, 26.8665266 ], [ 75.8017268, 26.8665273 ], [ 75.8017261, 26.8666196 ], [ 75.8015978, 26.8666189 ] ] ] ] } },
{ "type": "Feature", "properties": { "osm_way_id": "866422937", "leisure": "park" }, "geometry": { "type": "MultiPolygon", "coordinates": [ [ [ [ 75.8013792, 26.8705055 ], [ 75.8006704, 26.8703093 ], [ 75.8013629, 26.8702671 ], [ 75.8013792, 26.8705055 ] ] ] ] } },
{ "type": "Feature", "properties": { "osm_way_id": "866422942", "landuse": "grass" }, "geometry": { "type": "MultiPolygon", "coordinates": [ [ [ [ 75.8096071, 26.8753073 ], [ 75.8099034, 26.8752532 ], [ 75.8099326, 26.8752182 ], [ 75.809927, 26.8751681 ], [ 75.8098843, 26.8749589 ], [ 75.8096049, 26.8752916 ], [ 75.8096071, 26.8753073 ] ] ] ] } },
{ "type": "Feature", "properties": { "osm_way_id": "866544630", "landuse": "grass" }, "geometry": { "type": "MultiPolygon", "coordinates": [ [ [ [ 75.7932419, 26.925241 ], [ 75.7932009, 26.9253545 ], [ 75.7932111, 26.925391 ], [ 75.7932317, 26.9254038 ], [ 75.7933342, 26.9254478 ], [ 75.7934758, 26.9255447 ], [ 75.7935558, 26.9256069 ], [ 75.7936605, 26.9257569 ], [ 75.7937179, 26.9258594 ], [ 75.7937713, 26.9260826 ], [ 75.7937692, 26.9261942 ], [ 75.793904, 26.9262056 ], [ 75.7939106, 26.9260685 ], [ 75.7938513, 26.9260094 ], [ 75.7938123, 26.9259801 ], [ 75.7937795, 26.9259051 ], [ 75.7937651, 26.9258246 ], [ 75.7937631, 26.9257551 ], [ 75.7937651, 26.9256783 ], [ 75.7937446, 26.9256197 ], [ 75.7936523, 26.9254789 ], [ 75.7935066, 26.9253581 ], [ 75.7933014, 26.9252465 ], [ 75.7932419, 26.925241 ] ] ] ] } },
{ "type": "Feature", "properties": { "osm_way_id": "866544653", "landuse": "grass" }, "geometry": { "type": "MultiPolygon", "coordinates": [ [ [ [ 75.7843435, 26.9282333 ], [ 75.784319, 26.9282351 ], [ 75.7842968, 26.9282443 ], [ 75.7842793, 26.9282596 ], [ 75.7842686, 26.9282793 ], [ 75.7842661, 26.9283011 ], [ 75.784272, 26.9283223 ], [ 75.7842841, 26.928339 ], [ 75.7843014, 26.9283516 ], [ 75.7843222, 26.9283588 ], [ 75.7843445, 26.9283599 ], [ 75.784366, 26.9283548 ], [ 75.7843848, 26.928344 ], [ 75.7843989, 26.9283286 ], [ 75.784407, 26.9283101 ], [ 75.7844082, 26.9282903 ], [ 75.7844016, 26.9282692 ], [ 75.7843874, 26.9282514 ], [ 75.7843672, 26.9282389 ], [ 75.7843435, 26.9282333 ] ] ] ] } },
{ "type": "Feature", "properties": { "osm_way_id": "866559548", "landuse": "grass" }, "geometry": { "type": "MultiPolygon", "coordinates": [ [ [ [ 75.7927365, 26.9264658 ], [ 75.7928154, 26.926493 ], [ 75.7928574, 26.9265055 ], [ 75.7928968, 26.9265078 ], [ 75.7929617, 26.9265055 ], [ 75.793019, 26.9264919 ], [ 75.7930673, 26.9264681 ], [ 75.7931373, 26.9264318 ], [ 75.7931717, 26.9264113 ], [ 75.7931004, 26.9263977 ], [ 75.7930241, 26.9263716 ], [ 75.7929821, 26.9263444 ], [ 75.7929446, 26.9263192 ], [ 75.792916, 26.9263215 ], [ 75.7928904, 26.9263296 ], [ 75.7928357, 26.9263773 ], [ 75.7927721, 26.9264249 ], [ 75.7927365, 26.9264658 ] ] ] ] } },
{ "type": "Feature", "properties": { "osm_way_id": "867257524", "leisure": "park" }, "geometry": { "type": "MultiPolygon", "coordinates": [ [ [ [ 75.787097, 26.901312 ], [ 75.7872047, 26.9013367 ], [ 75.7873043, 26.9013061 ], [ 75.7872496, 26.9011129 ], [ 75.7871687, 26.901134 ], [ 75.787097, 26.901312 ] ] ] ] } },
{ "type": "Feature", "properties": { "osm_way_id": "867257534", "landuse": "grass" }, "geometry": { "type": "MultiPolygon", "coordinates": [ [ [ [ 75.7848532, 26.9006132 ], [ 75.7850474, 26.9007907 ], [ 75.785129, 26.9007936 ], [ 75.7851143, 26.9004197 ], [ 75.7850115, 26.9003789 ], [ 75.7848598, 26.9005143 ], [ 75.7848532, 26.9006132 ] ] ] ] } },
{ "type": "Feature", "properties": { "osm_way_id": "867324677", "landuse": "grass" }, "geometry": { "type": "MultiPolygon", "coordinates": [ [ [ [ 75.7732487, 26.9018345 ], [ 75.7734212, 26.901831 ], [ 75.7734211, 26.9017408 ], [ 75.7737576, 26.9017356 ], [ 75.7737563, 26.901848 ], [ 75.7738806, 26.9018475 ], [ 75.7739226, 26.901901 ], [ 75.7739185, 26.9021846 ], [ 75.7735456, 26.9021849 ], [ 75.7735417, 26.9023571 ], [ 75.7732477, 26.9021943 ], [ 75.7732478, 26.9021729 ], [ 75.7732487, 26.9018345 ] ] ] ] } },
{ "type": "Feature", "properties": { "osm_way_id": "867324678", "landuse": "grass" }, "geometry": { "type": "MultiPolygon", "coordinates": [ [ [ [ 75.7732462, 26.9017435 ], [ 75.7734211, 26.9017408 ], [ 75.7737576, 26.9017356 ], [ 75.7737596, 26.9014087 ], [ 75.7737597, 26.9013863 ], [ 75.7736902, 26.9013476 ], [ 75.7732421, 26.9013563 ], [ 75.7732462, 26.9017435 ] ] ] ] } },
{ "type": "Feature", "properties": { "osm_way_id": "867324684", "landuse": "grass" }, "geometry": { "type": "MultiPolygon", "coordinates": [ [ [ [ 75.7739823, 26.9021845 ], [ 75.7739868, 26.9018993 ], [ 75.7740265, 26.9018676 ], [ 75.7740934, 26.901834 ], [ 75.7741353, 26.901793 ], [ 75.7741499, 26.901724 ], [ 75.7743565, 26.9016998 ], [ 75.7744943, 26.902326 ], [ 75.7743336, 26.9022995 ], [ 75.7740548, 26.9022934 ], [ 75.7740542, 26.9023653 ], [ 75.7739751, 26.9023608 ], [ 75.7739823, 26.9021845 ] ] ] ] } },
{ "type": "Feature", "properties": { "osm_way_id": "867324685", "natural": "scrub" }, "geometry": { "type": "MultiPolygon", "coordinates": [ [ [ [ 75.7741499, 26.901724 ], [ 75.7741269, 26.9017165 ], [ 75.7741332, 26.9014068 ], [ 75.7737596, 26.9014087 ], [ 75.7737597, 26.9013863 ], [ 75.7736902, 26.9013476 ], [ 75.7736898, 26.9012791 ], [ 75.7742612, 26.9012665 ], [ 75.7743565, 26.9016998 ], [ 75.7741499, 26.901724 ] ] ] ] } },
{ "type": "Feature", "properties": { "osm_way_id": "867324697", "landuse": "grass" }, "geometry": { "type": "MultiPolygon", "coordinates": [ [ [ [ 75.777547, 26.9016369 ], [ 75.7775058, 26.9015345 ], [ 75.7779037, 26.9013948 ], [ 75.7779441, 26.9013938 ], [ 75.7779713, 26.9014493 ], [ 75.7779704, 26.9014939 ], [ 75.777547, 26.9016369 ] ] ] ] } },
{ "type": "Feature", "properties": { "osm_way_id": "867324698", "landuse": "grass" }, "geometry": { "type": "MultiPolygon", "coordinates": [ [ [ [ 75.7780595, 26.9013345 ], [ 75.7780354, 26.9013753 ], [ 75.7780417, 26.9014241 ], [ 75.7780633, 26.9014536 ], [ 75.7783586, 26.9013765 ], [ 75.7783433, 26.901322 ], [ 75.7783166, 26.9012494 ], [ 75.7780595, 26.9013345 ] ] ] ] } },
{ "type": "Feature", "properties": { "osm_way_id": "867324701", "landuse": "grass" }, "geometry": { "type": "MultiPolygon", "coordinates": [ [ [ [ 75.7782477, 26.900401 ], [ 75.7786974, 26.9002505 ], [ 75.7787103, 26.900232 ], [ 75.7786864, 26.9000974 ], [ 75.7786696, 26.9000894 ], [ 75.7781971, 26.9002558 ], [ 75.7781852, 26.9002789 ], [ 75.7782299, 26.9003957 ], [ 75.7782477, 26.900401 ] ] ] ] } },
{ "type": "Feature", "properties": { "osm_way_id": "867324710", "landuse": "grass" }, "geometry": { "type": "MultiPolygon", "coordinates": [ [ [ [ 75.7789413, 26.9012677 ], [ 75.778946, 26.9011623 ], [ 75.7793314, 26.9011636 ], [ 75.7793652, 26.9011828 ], [ 75.7793805, 26.9012212 ], [ 75.7793805, 26.9012677 ], [ 75.7789413, 26.9012677 ] ] ] ] } },
{ "type": "Feature", "properties": { "osm_way_id": "867328727", "landuse": "grass" }, "geometry": { "type": "MultiPolygon", "coordinates": [ [ [ [ 75.7821192, 26.9006278 ], [ 75.7821869, 26.9006162 ], [ 75.7825371, 26.9006291 ], [ 75.7825342, 26.9005622 ], [ 75.782367, 26.9005622 ], [ 75.7823656, 26.9004941 ], [ 75.782367, 26.9004453 ], [ 75.7823886, 26.9004402 ], [ 75.7824535, 26.9004414 ], [ 75.7824549, 26.9003386 ], [ 75.7823584, 26.9003425 ], [ 75.7823281, 26.9003129 ], [ 75.7822503, 26.9002949 ], [ 75.7822489, 26.9003823 ], [ 75.782246, 26.9004761 ], [ 75.7821898, 26.900561 ], [ 75.7821422, 26.9005584 ], [ 75.7821177, 26.9005918 ], [ 75.7821192, 26.9006278 ] ] ] ] } },
{ "type": "Feature", "properties": { "osm_way_id": "867328728", "landuse": "grass" }, "geometry": { "type": "MultiPolygon", "coordinates": [ [ [ [ 75.7822001, 26.9013339 ], [ 75.7824202, 26.9013384 ], [ 75.7824355, 26.9013146 ], [ 75.7824152, 26.9012953 ], [ 75.7823388, 26.9012874 ], [ 75.7822001, 26.9012885 ], [ 75.7822001, 26.9013339 ] ] ] ] } },
{ "type": "Feature", "properties": { "osm_way_id": "867328742", "landuse": "grass" }, "geometry": { "type": "MultiPolygon", "coordinates": [ [ [ [ 75.7816656, 26.900417 ], [ 75.7817763, 26.900417 ], [ 75.7817789, 26.9004329 ], [ 75.7819261, 26.9004329 ], [ 75.7819261, 26.9003052 ], [ 75.7819238, 26.900292 ], [ 75.7819237, 26.9002557 ], [ 75.7818868, 26.9002558 ], [ 75.7818753, 26.9002694 ], [ 75.7818575, 26.9002728 ], [ 75.781846, 26.9002546 ], [ 75.7818474, 26.9002388 ], [ 75.7818163, 26.9002366 ], [ 75.7818142, 26.9002603 ], [ 75.781799, 26.9002671 ], [ 75.7817811, 26.9002648 ], [ 75.781771, 26.9002501 ], [ 75.7817331, 26.9002524 ], [ 75.7817293, 26.9003637 ], [ 75.7816656, 26.9003637 ], [ 75.7816656, 26.900417 ] ] ] ] } },
{ "type": "Feature", "properties": { "osm_way_id": "867729933", "landuse": "grass" }, "geometry": { "type": "MultiPolygon", "coordinates": [ [ [ [ 75.7404225, 26.9020132 ], [ 75.7407317, 26.9020097 ], [ 75.740731, 26.9019617 ], [ 75.7404218, 26.9019652 ], [ 75.7404225, 26.9020132 ] ] ] ] } },
{ "type": "Feature", "properties": { "osm_way_id": "867930826", "name": "Satya Path Park", "leisure": "park" }, "geometry": { "type": "MultiPolygon", "coordinates": [ [ [ [ 75.7793834, 26.8827371 ], [ 75.7794193, 26.8828838 ], [ 75.7795046, 26.8829408 ], [ 75.7798363, 26.8828763 ], [ 75.7797832, 26.8826593 ], [ 75.7793834, 26.8827371 ] ] ] ] } },
{ "type": "Feature", "properties": { "osm_way_id": "867930831", "leisure": "park" }, "geometry": { "type": "MultiPolygon", "coordinates": [ [ [ [ 75.7716567, 26.8788979 ], [ 75.7709201, 26.8792275 ], [ 75.7713017, 26.8801365 ], [ 75.7718692, 26.880143 ], [ 75.7717605, 26.8793567 ], [ 75.7717171, 26.8790874 ], [ 75.7716567, 26.8788979 ] ] ] ] } },
{ "type": "Feature", "properties": { "osm_way_id": "867930832", "natural": "scrub" }, "geometry": { "type": "MultiPolygon", "coordinates": [ [ [ [ 75.7702004, 26.8788699 ], [ 75.7705916, 26.8786307 ], [ 75.7706665, 26.8787449 ], [ 75.7707583, 26.8789517 ], [ 75.770879, 26.8791844 ], [ 75.7710674, 26.879626 ], [ 75.7712872, 26.8801516 ], [ 75.7713065, 26.8802205 ], [ 75.7712616, 26.8806353 ], [ 75.7711194, 26.8809476 ], [ 75.771092, 26.8810037 ], [ 75.7709963, 26.8809841 ], [ 75.7709772, 26.8807841 ], [ 75.7711823, 26.8802304 ], [ 75.7709963, 26.8798914 ], [ 75.7709553, 26.8799914 ], [ 75.7708733, 26.880167 ], [ 75.7707557, 26.880167 ], [ 75.770794, 26.8799353 ], [ 75.7706709, 26.8796255 ], [ 75.7705533, 26.8792182 ], [ 75.7703838, 26.8790157 ], [ 75.7701896, 26.8791182 ], [ 75.7700638, 26.8789547 ], [ 75.7702004, 26.8788699 ] ] ] ] } },
{ "type": "Feature", "properties": { "osm_way_id": "867930833", "natural": "scrub" }, "geometry": { "type": "MultiPolygon", "coordinates": [ [ [ [ 75.7732402, 26.8830929 ], [ 75.7733102, 26.8830153 ], [ 75.7734068, 26.8831015 ], [ 75.7734721, 26.8831446 ], [ 75.7734865, 26.883095 ], [ 75.773489, 26.8830283 ], [ 75.7734986, 26.8829959 ], [ 75.7735421, 26.8830132 ], [ 75.7735976, 26.8829809 ], [ 75.7736049, 26.8829399 ], [ 75.7736049, 26.8828861 ], [ 75.77353, 26.8828495 ], [ 75.7734721, 26.8828172 ], [ 75.7734455, 26.8827978 ], [ 75.7734286, 26.8827181 ], [ 75.7733296, 26.8826642 ], [ 75.7732909, 26.8825888 ], [ 75.7733127, 26.8824639 ], [ 75.7734213, 26.8824682 ], [ 75.7734914, 26.8824596 ], [ 75.7735228, 26.8824337 ], [ 75.7735711, 26.8823842 ], [ 75.7736628, 26.8823906 ], [ 75.773745, 26.882466 ], [ 75.7737918, 26.8825237 ], [ 75.7737643, 26.8825608 ], [ 75.7736894, 26.8825716 ], [ 75.7737281, 26.8826815 ], [ 75.7738078, 26.8827375 ], [ 75.7738875, 26.8828495 ], [ 75.7739551, 26.8829141 ], [ 75.7738633, 26.8829615 ], [ 75.7738899, 26.8830261 ], [ 75.7739913, 26.8831058 ], [ 75.7740372, 26.8831834 ], [ 75.7741362, 26.8832695 ], [ 75.7742183, 26.8833492 ], [ 75.7742787, 26.8833966 ], [ 75.7743391, 26.8835194 ], [ 75.7742642, 26.8835776 ], [ 75.7742038, 26.8835539 ], [ 75.7741942, 26.8834591 ], [ 75.7741386, 26.8833772 ], [ 75.7740348, 26.8832932 ], [ 75.7739454, 26.8833061 ], [ 75.7738319, 26.8833126 ], [ 75.7736846, 26.8833104 ], [ 75.7736121, 26.883332 ], [ 75.7734938, 26.883332 ], [ 75.7734213, 26.8832824 ], [ 75.7733368, 26.8832501 ], [ 75.7732402, 26.8830929 ] ] ] ] } },
{ "type": "Feature", "properties": { "osm_way_id": "867930834", "landuse": "grass" }, "geometry": { "type": "MultiPolygon", "coordinates": [ [ [ [ 75.7709963, 26.8809841 ], [ 75.7709826, 26.8810603 ], [ 75.7709114, 26.8811653 ], [ 75.7707937, 26.8812923 ], [ 75.7707349, 26.8814028 ], [ 75.7706946, 26.8815409 ], [ 75.7707689, 26.8816486 ], [ 75.7708742, 26.8817232 ], [ 75.7710197, 26.8818088 ], [ 75.7711467, 26.8818696 ], [ 75.7711869, 26.8818834 ], [ 75.7712396, 26.8817232 ], [ 75.771156, 26.8816017 ], [ 75.7711033, 26.8815105 ], [ 75.7710538, 26.8812923 ], [ 75.7710476, 26.8811294 ], [ 75.771092, 26.8810037 ], [ 75.7709963, 26.8809841 ] ] ] ] } },
{ "type": "Feature", "properties": { "osm_way_id": "867930835", "landuse": "grass" }, "geometry": { "type": "MultiPolygon", "coordinates": [ [ [ [ 75.7721995, 26.8802925 ], [ 75.7722398, 26.8815464 ], [ 75.7724132, 26.881621 ], [ 75.7729427, 26.8816486 ], [ 75.7731315, 26.8810161 ], [ 75.7729458, 26.8806847 ], [ 75.7727445, 26.8808145 ], [ 75.7723152, 26.8802339 ], [ 75.7721995, 26.8802925 ] ] ] ] } },
{ "type": "Feature", "properties": { "osm_way_id": "867930836", "landuse": "grass" }, "geometry": { "type": "MultiPolygon", "coordinates": [ [ [ [ 75.7715205, 26.881173 ], [ 75.7716603, 26.8813807 ], [ 75.7717501, 26.8813792 ], [ 75.7717917, 26.8813778 ], [ 75.7717501, 26.8807605 ], [ 75.7717019, 26.880756 ], [ 75.7715205, 26.881173 ] ] ] ] } },
{ "type": "Feature", "properties": { "osm_way_id": "867932632", "landuse": "grass" }, "geometry": { "type": "MultiPolygon", "coordinates": [ [ [ [ 75.7771926, 26.8749775 ], [ 75.7774233, 26.8751977 ], [ 75.7776753, 26.8751102 ], [ 75.7776854, 26.8750975 ], [ 75.7776803, 26.8750822 ], [ 75.7774081, 26.8747934 ], [ 75.7771926, 26.8749775 ] ] ] ] } },
{ "type": "Feature", "properties": { "osm_way_id": "867932633", "name": "Vivekananda Park", "leisure": "park", "other_tags": "\"name:etymology:wikidata\"=>\"Q47478\"" }, "geometry": { "type": "MultiPolygon", "coordinates": [ [ [ [ 75.7770466, 26.8750434 ], [ 75.7773161, 26.8752912 ], [ 75.7778152, 26.8751116 ], [ 75.7778385, 26.8751013 ], [ 75.7778551, 26.875079 ], [ 75.7774941, 26.8746695 ], [ 75.7770466, 26.8750434 ] ] ] ] } },
{ "type": "Feature", "properties": { "osm_way_id": "867932637", "name": "Parshuram Park", "leisure": "park" }, "geometry": { "type": "MultiPolygon", "coordinates": [ [ [ [ 75.7780888, 26.8745626 ], [ 75.7785501, 26.8744146 ], [ 75.7781667, 26.8734134 ], [ 75.7774909, 26.8739061 ], [ 75.7780888, 26.8745626 ] ] ] ] } },
{ "type": "Feature", "properties": { "osm_way_id": "867932638", "landuse": "grass" }, "geometry": { "type": "MultiPolygon", "coordinates": [ [ [ [ 75.7776731, 26.8739035 ], [ 75.7776701, 26.8739336 ], [ 75.7776834, 26.8739533 ], [ 75.7779581, 26.8742547 ], [ 75.7779992, 26.8742691 ], [ 75.778033, 26.8742691 ], [ 75.7780639, 26.8742586 ], [ 75.7783063, 26.8741629 ], [ 75.7783195, 26.8741459 ], [ 75.778321, 26.8741236 ], [ 75.7783136, 26.8740896 ], [ 75.7781256, 26.8736361 ], [ 75.778105, 26.8736191 ], [ 75.7780756, 26.8736073 ], [ 75.7780418, 26.8736125 ], [ 75.7776731, 26.8739035 ] ] ] ] } },
{ "type": "Feature", "properties": { "osm_way_id": "867936423", "name": "Dr. Bhim Rao Ambedkar Park", "leisure": "park", "other_tags": "\"addr:postcode\"=>\"302015\",\"addr:street\"=>\"Mahesh Nagar Road\",\"name:etymology:wikidata\"=>\"Q231690\"" }, "geometry": { "type": "MultiPolygon", "coordinates": [ [ [ [ 75.7808721, 26.8814159 ], [ 75.7813764, 26.8812939 ], [ 75.7810518, 26.880203 ], [ 75.7805449, 26.8803298 ], [ 75.7808721, 26.8814159 ] ] ] ] } },
{ "type": "Feature", "properties": { "osm_way_id": "867944723", "name": "Bhura Patel Nagar A Park", "leisure": "park" }, "geometry": { "type": "MultiPolygon", "coordinates": [ [ [ [ 75.7372094, 26.8961568 ], [ 75.7370979, 26.8955354 ], [ 75.7372295, 26.8955589 ], [ 75.7371908, 26.8957426 ], [ 75.7375299, 26.8958282 ], [ 75.7379154, 26.8959207 ], [ 75.7381801, 26.8959814 ], [ 75.7381879, 26.8962452 ], [ 75.7376553, 26.8962852 ], [ 75.7372094, 26.8961568 ] ] ] ] } },
{ "type": "Feature", "properties": { "osm_way_id": "868008920", "landuse": "grass" }, "geometry": { "type": "MultiPolygon", "coordinates": [ [ [ [ 75.7339608, 26.9005061 ], [ 75.7339586, 26.9006988 ], [ 75.7340093, 26.900689 ], [ 75.7340379, 26.9006752 ], [ 75.7340556, 26.9006575 ], [ 75.7340663, 26.9006336 ], [ 75.7340676, 26.9006049 ], [ 75.7340636, 26.9005774 ], [ 75.7340462, 26.9005487 ], [ 75.7340287, 26.9005307 ], [ 75.7339979, 26.9005128 ], [ 75.7339608, 26.9005061 ] ] ] ] } },
{ "type": "Feature", "properties": { "osm_way_id": "868008921", "landuse": "grass" }, "geometry": { "type": "MultiPolygon", "coordinates": [ [ [ [ 75.7351471, 26.9018471 ], [ 75.7353908, 26.901862 ], [ 75.7353856, 26.9018266 ], [ 75.7353709, 26.9017893 ], [ 75.7353458, 26.9017669 ], [ 75.7353082, 26.9017473 ], [ 75.7352548, 26.9017426 ], [ 75.7352172, 26.9017548 ], [ 75.7351785, 26.9017865 ], [ 75.7351544, 26.9018154 ], [ 75.7351471, 26.9018471 ] ] ] ] } },
{ "type": "Feature", "properties": { "osm_way_id": "868008925", "landuse": "grass" }, "geometry": { "type": "MultiPolygon", "coordinates": [ [ [ [ 75.734969, 26.9010096 ], [ 75.7350017, 26.9010704 ], [ 75.7350516, 26.9011348 ], [ 75.735098, 26.9011747 ], [ 75.7351736, 26.9012085 ], [ 75.7352545, 26.9012345 ], [ 75.7353232, 26.9012391 ], [ 75.7353955, 26.9012315 ], [ 75.7354763, 26.9012054 ], [ 75.7355417, 26.9011666 ], [ 75.7355944, 26.9011274 ], [ 75.7356431, 26.9010796 ], [ 75.7356576, 26.9010208 ], [ 75.734969, 26.9010096 ] ] ] ] } },
{ "type": "Feature", "properties": { "osm_way_id": "868008926", "landuse": "grass" }, "geometry": { "type": "MultiPolygon", "coordinates": [ [ [ [ 75.7349882, 26.9000625 ], [ 75.7350074, 26.9000157 ], [ 75.7350397, 26.899963 ], [ 75.7350803, 26.8999193 ], [ 75.7351321, 26.8998839 ], [ 75.7351986, 26.8998468 ], [ 75.7352512, 26.8998295 ], [ 75.7353048, 26.8998172 ], [ 75.735375, 26.899818 ], [ 75.7354341, 26.8998353 ], [ 75.735497, 26.8998567 ], [ 75.7355459, 26.8998806 ], [ 75.7355847, 26.8999094 ], [ 75.7356254, 26.8999424 ], [ 75.7356605, 26.8999885 ], [ 75.7356808, 26.9000264 ], [ 75.735677, 26.9000737 ], [ 75.7349882, 26.9000625 ] ] ] ] } },
{ "type": "Feature", "properties": { "osm_way_id": "868223853", "natural": "scrub" }, "geometry": { "type": "MultiPolygon", "coordinates": [ [ [ [ 75.7624209, 26.8825022 ], [ 75.7626191, 26.8812832 ], [ 75.7637622, 26.8815202 ], [ 75.7640997, 26.8803125 ], [ 75.7644962, 26.8804066 ], [ 75.7641925, 26.8813434 ], [ 75.7645384, 26.8814111 ], [ 75.7647324, 26.8805721 ], [ 75.7653356, 26.8807076 ], [ 75.765361, 26.8806285 ], [ 75.7660991, 26.8808242 ], [ 75.7661455, 26.8810236 ], [ 75.7656098, 26.881223 ], [ 75.7654242, 26.8816783 ], [ 75.7649476, 26.8819717 ], [ 75.7646017, 26.8822163 ], [ 75.7646776, 26.8824307 ], [ 75.7634164, 26.8827994 ], [ 75.7630114, 26.882649 ], [ 75.7626866, 26.8825662 ], [ 75.7624209, 26.8825022 ] ] ] ] } },
{ "type": "Feature", "properties": { "osm_way_id": "868688127", "name": "Mehta Garden", "leisure": "garden" }, "geometry": { "type": "MultiPolygon", "coordinates": [ [ [ [ 75.7743168, 26.8939641 ], [ 75.7746015, 26.8939186 ], [ 75.774603, 26.8938965 ], [ 75.7746481, 26.8938893 ], [ 75.7746141, 26.89372 ], [ 75.7742785, 26.8937736 ], [ 75.7743168, 26.8939641 ] ] ] ] } },
{ "type": "Feature", "properties": { "osm_way_id": "868688130", "leisure": "park" }, "geometry": { "type": "MultiPolygon", "coordinates": [ [ [ [ 75.7712922, 26.8928295 ], [ 75.7713395, 26.8922009 ], [ 75.7718059, 26.8923886 ], [ 75.7718006, 26.8928435 ], [ 75.7712922, 26.8928295 ] ] ] ] } },
{ "type": "Feature", "properties": { "osm_way_id": "868688131", "landuse": "grass" }, "geometry": { "type": "MultiPolygon", "coordinates": [ [ [ [ 75.7701218, 26.8909856 ], [ 75.7701547, 26.8909118 ], [ 75.7700999, 26.8908924 ], [ 75.7701877, 26.8906959 ], [ 75.770628, 26.8908523 ], [ 75.7705393, 26.8910509 ], [ 75.7704608, 26.891023 ], [ 75.7704288, 26.8910946 ], [ 75.7701218, 26.8909856 ] ] ] ] } },
{ "type": "Feature", "properties": { "osm_way_id": "868688132", "landuse": "grass" }, "geometry": { "type": "MultiPolygon", "coordinates": [ [ [ [ 75.7703433, 26.8917657 ], [ 75.7705432, 26.8913466 ], [ 75.7709026, 26.8914811 ], [ 75.770701, 26.8919032 ], [ 75.7703433, 26.8917657 ] ] ] ] } },
{ "type": "Feature", "properties": { "osm_way_id": "868688133", "landuse": "grass" }, "geometry": { "type": "MultiPolygon", "coordinates": [ [ [ [ 75.770127, 26.8910973 ], [ 75.7700646, 26.8912419 ], [ 75.7700506, 26.8912481 ], [ 75.7700208, 26.8912466 ], [ 75.7700037, 26.89124 ], [ 75.7699921, 26.8912638 ], [ 75.7700852, 26.8912997 ], [ 75.7700514, 26.8913694 ], [ 75.7701906, 26.8914231 ], [ 75.770161, 26.8914842 ], [ 75.7701663, 26.8915155 ], [ 75.7701856, 26.8915405 ], [ 75.7702845, 26.8915745 ], [ 75.7704068, 26.8912911 ], [ 75.7703511, 26.891272 ], [ 75.7703878, 26.8911869 ], [ 75.770127, 26.8910973 ] ] ] ] } },
{ "type": "Feature", "properties": { "osm_way_id": "870631813", "name": "Golf Area", "leisure": "park" }, "geometry": { "type": "MultiPolygon", "coordinates": [ [ [ [ 75.7728136, 26.8566258 ], [ 75.7727411, 26.8562089 ], [ 75.7727275, 26.8557634 ], [ 75.7731349, 26.8557163 ], [ 75.773692, 26.855771 ], [ 75.774013, 26.8558423 ], [ 75.7738999, 26.8563546 ], [ 75.7737319, 26.8567281 ], [ 75.7735205, 26.8567004 ], [ 75.7730735, 26.8566274 ], [ 75.7729878, 26.8566113 ], [ 75.7728136, 26.8566258 ] ] ] ] } },
{ "type": "Feature", "properties": { "osm_way_id": "871816500", "landuse": "grass" }, "geometry": { "type": "MultiPolygon", "coordinates": [ [ [ [ 75.720873, 26.8777206 ], [ 75.7206837, 26.8783523 ], [ 75.7214971, 26.87864 ], [ 75.7218618, 26.8786901 ], [ 75.7211746, 26.8806166 ], [ 75.7202559, 26.8790716 ], [ 75.720873, 26.8777206 ] ] ] ] } },
{ "type": "Feature", "properties": { "osm_way_id": "871877941", "leisure": "park" }, "geometry": { "type": "MultiPolygon", "coordinates": [ [ [ [ 75.7354182, 26.8971115 ], [ 75.7355478, 26.8968658 ], [ 75.7368539, 26.8972589 ], [ 75.7368474, 26.897386 ], [ 75.7358363, 26.8973629 ], [ 75.735564, 26.8972155 ], [ 75.7354182, 26.8971115 ] ] ] ] } },
{ "type": "Feature", "properties": { "osm_way_id": "871877942", "leisure": "park" }, "geometry": { "type": "MultiPolygon", "coordinates": [ [ [ [ 75.7413348, 26.8943425 ], [ 75.7419073, 26.8943915 ], [ 75.741977, 26.8938319 ], [ 75.7413642, 26.8937992 ], [ 75.7413348, 26.8943425 ] ] ] ] } },
{ "type": "Feature", "properties": { "osm_way_id": "872370055", "landuse": "grass" }, "geometry": { "type": "MultiPolygon", "coordinates": [ [ [ [ 75.7368061, 26.8888663 ], [ 75.7365725, 26.8891904 ], [ 75.7365102, 26.889401 ], [ 75.7362274, 26.8899657 ], [ 75.7359004, 26.8906623 ], [ 75.7357863, 26.8909122 ], [ 75.7359497, 26.8906391 ], [ 75.7361859, 26.8902364 ], [ 75.7364246, 26.8898106 ], [ 75.7365128, 26.8896393 ], [ 75.7366697, 26.8897002 ], [ 75.7367284, 26.8895928 ], [ 75.7367792, 26.8894718 ], [ 75.7368216, 26.8893408 ], [ 75.7369436, 26.8889781 ], [ 75.7369547, 26.8889408 ], [ 75.7369422, 26.8889247 ], [ 75.7368279, 26.8888662 ], [ 75.7368061, 26.8888663 ] ] ] ] } },
{ "type": "Feature", "properties": { "osm_way_id": "872465054", "name": "Pandit Deendayal Upadhya Circle", "leisure": "park", "other_tags": "\"name:etymology:wikidata\"=>\"Q3631426\"" }, "geometry": { "type": "MultiPolygon", "coordinates": [ [ [ [ 75.8353907, 26.9049487 ], [ 75.8353296, 26.9049447 ], [ 75.8352703, 26.9049583 ], [ 75.835219, 26.9049883 ], [ 75.8351813, 26.9050313 ], [ 75.8351611, 26.9050829 ], [ 75.8351608, 26.9051388 ], [ 75.8351812, 26.9051918 ], [ 75.8352199, 26.9052358 ], [ 75.8352728, 26.905266 ], [ 75.8353338, 26.9052789 ], [ 75.8353963, 26.9052733 ], [ 75.8354532, 26.9052496 ], [ 75.8354981, 26.9052106 ], [ 75.8355257, 26.9051618 ], [ 75.8355342, 26.9051077 ], [ 75.8355228, 26.905054 ], [ 75.8354927, 26.9050065 ], [ 75.835447, 26.9049701 ], [ 75.8353907, 26.9049487 ] ] ] ] } },
{ "type": "Feature", "properties": { "osm_way_id": "872465063", "landuse": "grass" }, "geometry": { "type": "MultiPolygon", "coordinates": [ [ [ [ 75.8374226, 26.9063163 ], [ 75.8370671, 26.9055198 ], [ 75.8370759, 26.9054281 ], [ 75.8371523, 26.9053469 ], [ 75.8373403, 26.9052473 ], [ 75.837881, 26.9050246 ], [ 75.8379486, 26.9050324 ], [ 75.8380044, 26.9050612 ], [ 75.8386773, 26.9057713 ], [ 75.8386919, 26.9058499 ], [ 75.8385891, 26.9059102 ], [ 75.8385538, 26.9059574 ], [ 75.8385207, 26.9059759 ], [ 75.8384924, 26.9059358 ], [ 75.8384171, 26.9059781 ], [ 75.838368, 26.9059677 ], [ 75.8383012, 26.9059574 ], [ 75.8382521, 26.905986 ], [ 75.8382489, 26.9060128 ], [ 75.8382584, 26.9060339 ], [ 75.8383026, 26.9060508 ], [ 75.8382142, 26.9060677 ], [ 75.8381258, 26.9060817 ], [ 75.8380216, 26.9061282 ], [ 75.837979, 26.9061873 ], [ 75.8379174, 26.9062113 ], [ 75.8378969, 26.906193 ], [ 75.8378385, 26.9062296 ], [ 75.8377864, 26.9062662 ], [ 75.8377115, 26.9062418 ], [ 75.8375825, 26.9062871 ], [ 75.8376013, 26.9063296 ], [ 75.8374612, 26.9063788 ], [ 75.8374226, 26.9063163 ] ] ] ] } },
{ "type": "Feature", "properties": { "osm_way_id": "872465071", "landuse": "grass" }, "geometry": { "type": "MultiPolygon", "coordinates": [ [ [ [ 75.8377957, 26.9068777 ], [ 75.8377156, 26.9066663 ], [ 75.837724, 26.9066352 ], [ 75.8377923, 26.9066066 ], [ 75.8378229, 26.9066215 ], [ 75.8378508, 26.9066029 ], [ 75.8378648, 26.9065668 ], [ 75.8379247, 26.9065792 ], [ 75.8379972, 26.9065357 ], [ 75.8381324, 26.9064848 ], [ 75.8381436, 26.9064412 ], [ 75.8382063, 26.9064611 ], [ 75.8382342, 26.9064984 ], [ 75.8383304, 26.9066265 ], [ 75.8383605, 26.9067007 ], [ 75.8377957, 26.9068777 ] ] ] ] } },
{ "type": "Feature", "properties": { "osm_way_id": "872465088", "landuse": "grass" }, "geometry": { "type": "MultiPolygon", "coordinates": [ [ [ [ 75.8405306, 26.9061899 ], [ 75.8406184, 26.9061227 ], [ 75.8408467, 26.90636 ], [ 75.8408539, 26.9063919 ], [ 75.8408003, 26.9064413 ], [ 75.8407448, 26.9064126 ], [ 75.8405306, 26.9061899 ] ] ] ] } },
{ "type": "Feature", "properties": { "osm_way_id": "872465089", "landuse": "grass" }, "geometry": { "type": "MultiPolygon", "coordinates": [ [ [ [ 75.8433126, 26.9039294 ], [ 75.8436619, 26.9036387 ], [ 75.8439613, 26.9039621 ], [ 75.8439946, 26.9040274 ], [ 75.843968, 26.9041668 ], [ 75.8439148, 26.9042795 ], [ 75.8438249, 26.9044338 ], [ 75.8437717, 26.9044279 ], [ 75.8433126, 26.9039294 ] ] ] ] } },
{ "type": "Feature", "properties": { "osm_way_id": "872465090", "landuse": "grass" }, "geometry": { "type": "MultiPolygon", "coordinates": [ [ [ [ 75.8440844, 26.9042242 ], [ 75.8441095, 26.9041011 ], [ 75.8441221, 26.9040116 ], [ 75.8441416, 26.9040004 ], [ 75.8441904, 26.9040365 ], [ 75.8442489, 26.9041036 ], [ 75.8442461, 26.9041422 ], [ 75.8442224, 26.904177 ], [ 75.8441374, 26.9042416 ], [ 75.8441039, 26.9042441 ], [ 75.8440844, 26.9042242 ] ] ] ] } },
{ "type": "Feature", "properties": { "osm_way_id": "873044391", "natural": "scrub" }, "geometry": { "type": "MultiPolygon", "coordinates": [ [ [ [ 75.7303314, 26.9176461 ], [ 75.7302007, 26.9162755 ], [ 75.7305232, 26.9162367 ], [ 75.7305174, 26.9164154 ], [ 75.7304447, 26.9170994 ], [ 75.730406, 26.9176358 ], [ 75.7303314, 26.9176461 ] ] ] ] } },
{ "type": "Feature", "properties": { "osm_way_id": "874121129", "leisure": "park" }, "geometry": { "type": "MultiPolygon", "coordinates": [ [ [ [ 75.7356303, 26.908302 ], [ 75.7356443, 26.9078606 ], [ 75.7363904, 26.9078872 ], [ 75.7363869, 26.9083552 ], [ 75.7359322, 26.9083693 ], [ 75.7359059, 26.9083098 ], [ 75.7356303, 26.908302 ] ] ] ] } },
{ "type": "Feature", "properties": { "osm_way_id": "874499519", "natural": "scrub" }, "geometry": { "type": "MultiPolygon", "coordinates": [ [ [ [ 75.7453443, 26.9122422 ], [ 75.7453784, 26.9119558 ], [ 75.7453344, 26.9119507 ], [ 75.7453372, 26.911791 ], [ 75.7459612, 26.9118088 ], [ 75.7459541, 26.9119862 ], [ 75.7457423, 26.9119862 ], [ 75.7457423, 26.9122992 ], [ 75.7455916, 26.9122891 ], [ 75.7454722, 26.9122866 ], [ 75.7454708, 26.9122574 ], [ 75.7453784, 26.9122625 ], [ 75.7453443, 26.9122422 ] ] ] ] } },
{ "type": "Feature", "properties": { "osm_way_id": "874499539", "name": "Nagar Nigam Park", "leisure": "park" }, "geometry": { "type": "MultiPolygon", "coordinates": [ [ [ [ 75.7441819, 26.9099541 ], [ 75.7441658, 26.9097914 ], [ 75.7453087, 26.9097799 ], [ 75.7453297, 26.9097972 ], [ 75.7453329, 26.9099383 ], [ 75.7441819, 26.9099541 ] ] ] ] } },
{ "type": "Feature", "properties": { "osm_way_id": "874521797", "landuse": "grass" }, "geometry": { "type": "MultiPolygon", "coordinates": [ [ [ [ 75.7436748, 26.9099478 ], [ 75.7436478, 26.9097836 ], [ 75.7437321, 26.9097726 ], [ 75.7437374, 26.9098049 ], [ 75.7440649, 26.909762 ], [ 75.7440902, 26.9099156 ], [ 75.744038, 26.9099207 ], [ 75.7438801, 26.9099421 ], [ 75.7438735, 26.909944 ], [ 75.7438635, 26.9099231 ], [ 75.7436748, 26.9099478 ] ] ] ] } },
{ "type": "Feature", "properties": { "osm_way_id": "878839178", "name": "Sudarshanpura park", "leisure": "park" }, "geometry": { "type": "MultiPolygon", "coordinates": [ [ [ [ 75.7904407, 26.8994565 ], [ 75.7904059, 26.8987793 ], [ 75.790376, 26.8983584 ], [ 75.7905812, 26.8983486 ], [ 75.7907879, 26.8983669 ], [ 75.7906554, 26.8988835 ], [ 75.7905022, 26.8994593 ], [ 75.7904407, 26.8994565 ] ] ] ] } },
{ "type": "Feature", "properties": { "osm_way_id": "878839187", "name": "Sudershanpura Association Garden", "landuse": "grass" }, "geometry": { "type": "MultiPolygon", "coordinates": [ [ [ [ 75.7904549, 26.8980656 ], [ 75.7904738, 26.8978432 ], [ 75.7907043, 26.8978713 ], [ 75.79093, 26.8979178 ], [ 75.7908732, 26.8981121 ], [ 75.7906206, 26.8980741 ], [ 75.7904549, 26.8980656 ] ] ] ] } },
{ "type": "Feature", "properties": { "osm_way_id": "902714428", "landuse": "grass" }, "geometry": { "type": "MultiPolygon", "coordinates": [ [ [ [ 75.8434363, 26.9800958 ], [ 75.8435571, 26.9802833 ], [ 75.8435684, 26.9802592 ], [ 75.843604, 26.9802288 ], [ 75.8437021, 26.9801693 ], [ 75.8437249, 26.9801577 ], [ 75.8436182, 26.9799981 ], [ 75.8434363, 26.9800958 ] ] ] ] } },
{ "type": "Feature", "properties": { "osm_way_id": "905190345", "landuse": "grass" }, "geometry": { "type": "MultiPolygon", "coordinates": [ [ [ [ 75.8673787, 27.0169904 ], [ 75.8673191, 27.0172047 ], [ 75.8672739, 27.0173225 ], [ 75.8672393, 27.0173957 ], [ 75.8673025, 27.0173936 ], [ 75.8673739, 27.017383 ], [ 75.8674525, 27.0173522 ], [ 75.8675312, 27.0173076 ], [ 75.8675788, 27.0172546 ], [ 75.8675895, 27.0172217 ], [ 75.8675895, 27.0171241 ], [ 75.8675657, 27.0170721 ], [ 75.86753, 27.0170275 ], [ 75.8674585, 27.0169946 ], [ 75.8674204, 27.0169861 ], [ 75.8673787, 27.0169904 ] ] ] ] } },
{ "type": "Feature", "properties": { "osm_way_id": "905190349", "landuse": "grass" }, "geometry": { "type": "MultiPolygon", "coordinates": [ [ [ [ 75.862868, 27.0154731 ], [ 75.862868, 27.0154298 ], [ 75.8628825, 27.0153859 ], [ 75.86291, 27.0153485 ], [ 75.8629376, 27.0153253 ], [ 75.8629694, 27.0153111 ], [ 75.8629955, 27.0153046 ], [ 75.8630433, 27.015313 ], [ 75.8630665, 27.0153285 ], [ 75.8630854, 27.0153479 ], [ 75.8630854, 27.0153711 ], [ 75.8630586, 27.0153853 ], [ 75.8629912, 27.0154279 ], [ 75.8629441, 27.0154673 ], [ 75.8629252, 27.0154886 ], [ 75.862905, 27.015497 ], [ 75.8628789, 27.0154899 ], [ 75.862868, 27.0154731 ] ] ] ] } },
{ "type": "Feature", "properties": { "osm_way_id": "905190350", "leisure": "garden", "other_tags": "\"garden:type\"=>\"botanical\"" }, "geometry": { "type": "MultiPolygon", "coordinates": [ [ [ [ 75.8637037, 27.0157395 ], [ 75.8638254, 27.0154002 ], [ 75.8639546, 27.0154242 ], [ 75.8640549, 27.0154557 ], [ 75.8641478, 27.0155202 ], [ 75.8642732, 27.0156096 ], [ 75.8643615, 27.0157122 ], [ 75.8644302, 27.0158181 ], [ 75.8644636, 27.0159117 ], [ 75.8644636, 27.0159746 ], [ 75.8644562, 27.0160896 ], [ 75.8642277, 27.0159779 ], [ 75.8637418, 27.0158132 ], [ 75.8637037, 27.0157395 ] ] ] ] } },
{ "type": "Feature", "properties": { "osm_way_id": "954768703", "name": "Ridhi Sidhi Marriage Garden", "leisure": "park" }, "geometry": { "type": "MultiPolygon", "coordinates": [ [ [ [ 75.8709912, 26.8389833 ], [ 75.871, 26.838834 ], [ 75.8710066, 26.8386847 ], [ 75.8710099, 26.8385619 ], [ 75.8711222, 26.838558 ], [ 75.8712146, 26.838559 ], [ 75.8713225, 26.838557 ], [ 75.8713401, 26.8385619 ], [ 75.8713379, 26.838665 ], [ 75.8713313, 26.8388055 ], [ 75.8713269, 26.8389567 ], [ 75.8713203, 26.8390059 ], [ 75.871175, 26.8390078 ], [ 75.8710727, 26.8390059 ], [ 75.8710011, 26.8389911 ], [ 75.8709912, 26.8389833 ] ] ] ] } },
{ "type": "Feature", "properties": { "osm_way_id": "955293232", "leisure": "park" }, "geometry": { "type": "MultiPolygon", "coordinates": [ [ [ [ 75.7454159, 26.9091067 ], [ 75.7454142, 26.9090428 ], [ 75.7454133, 26.909012 ], [ 75.7456159, 26.9089994 ], [ 75.7456177, 26.9089118 ], [ 75.7456177, 26.9088897 ], [ 75.746084, 26.9088953 ], [ 75.7460636, 26.9091091 ], [ 75.7454159, 26.9091067 ] ] ] ] } },
{ "type": "Feature", "properties": { "osm_way_id": "961876939", "name": "balaji graound", "leisure": "park", "other_tags": "\"addr:city\"=>\"jagatpura\"" }, "geometry": { "type": "MultiPolygon", "coordinates": [ [ [ [ 75.8311256, 26.8343492 ], [ 75.8315136, 26.8344005 ], [ 75.8318548, 26.8342371 ], [ 75.8319985, 26.8338813 ], [ 75.8318297, 26.8336986 ], [ 75.8317648, 26.8335281 ], [ 75.8315531, 26.8333685 ], [ 75.831334, 26.8333172 ], [ 75.8311328, 26.8338845 ], [ 75.8311256, 26.8343492 ] ] ] ] } },
{ "type": "Feature", "properties": { "osm_way_id": "962293917", "name": "jaipur stadium", "leisure": "park", "other_tags": "\"addr:postcode\"=>\"302018\"" }, "geometry": { "type": "MultiPolygon", "coordinates": [ [ [ [ 75.8014532, 26.8599977 ], [ 75.8019093, 26.8602358 ], [ 75.8024988, 26.8602259 ], [ 75.8029104, 26.8598439 ], [ 75.8027269, 26.8591988 ], [ 75.8019426, 26.859045 ], [ 75.8015088, 26.8593675 ], [ 75.8014532, 26.8599977 ] ] ] ] } },
{ "type": "Feature", "properties": { "osm_way_id": "962298537", "leisure": "park" }, "geometry": { "type": "MultiPolygon", "coordinates": [ [ [ [ 75.7966842, 26.856405 ], [ 75.7970529, 26.8563502 ], [ 75.7970349, 26.8561503 ], [ 75.796677, 26.8562212 ], [ 75.7966842, 26.856405 ] ] ] ] } },
{ "type": "Feature", "properties": { "osm_way_id": "962300071", "landuse": "forest" }, "geometry": { "type": "MultiPolygon", "coordinates": [ [ [ [ 75.8261661, 26.8650136 ], [ 75.8275816, 26.8648282 ], [ 75.8282828, 26.8633802 ], [ 75.8276595, 26.8624244 ], [ 75.8253285, 26.8622564 ], [ 75.8251597, 26.8632875 ], [ 75.8261661, 26.8650136 ] ] ] ] } },
{ "type": "Feature", "properties": { "osm_way_id": "962486739", "name": "vivak vihar park", "leisure": "park" }, "geometry": { "type": "MultiPolygon", "coordinates": [ [ [ [ 75.8273854, 26.8362197 ], [ 75.8278349, 26.8361671 ], [ 75.8278335, 26.8360868 ], [ 75.8273441, 26.8359658 ], [ 75.8273854, 26.8362197 ] ] ] ] } },
{ "type": "Feature", "properties": { "osm_way_id": "962875921", "name": "LANDSCAPE GARDEN", "leisure": "park", "other_tags": "\"addr:city\"=>\"JAGATPURA\"" }, "geometry": { "type": "MultiPolygon", "coordinates": [ [ [ [ 75.8232215, 26.8381386 ], [ 75.8234061, 26.8381651 ], [ 75.8234125, 26.8380458 ], [ 75.8232385, 26.8380306 ], [ 75.8232215, 26.8381386 ] ] ] ] } },
{ "type": "Feature", "properties": { "osm_way_id": "964006832", "leisure": "park" }, "geometry": { "type": "MultiPolygon", "coordinates": [ [ [ [ 75.8121683, 26.841424 ], [ 75.8135738, 26.8416633 ], [ 75.8136038, 26.8412632 ], [ 75.8121962, 26.8413015 ], [ 75.8121683, 26.841424 ] ] ] ] } },
{ "type": "Feature", "properties": { "osm_way_id": "964008990", "name": "ep park", "leisure": "park" }, "geometry": { "type": "MultiPolygon", "coordinates": [ [ [ [ 75.7982463, 26.8376148 ], [ 75.7986661, 26.8375185 ], [ 75.7984062, 26.8366482 ], [ 75.7979505, 26.8367516 ], [ 75.7982463, 26.8376148 ] ] ] ] } },
{ "type": "Feature", "properties": { "osm_way_id": "964009504", "name": "EP GARDEN", "leisure": "park" }, "geometry": { "type": "MultiPolygon", "coordinates": [ [ [ [ 75.796115, 26.8369148 ], [ 75.7964755, 26.8368535 ], [ 75.7963124, 26.8361872 ], [ 75.795939, 26.8362332 ], [ 75.796115, 26.8369148 ] ] ] ] } },
{ "type": "Feature", "properties": { "osm_way_id": "964015384", "name": "smriti van", "landuse": "forest" }, "geometry": { "type": "MultiPolygon", "coordinates": [ [ [ [ 75.8081124, 26.8734147 ], [ 75.8093044, 26.8734629 ], [ 75.8089261, 26.8720395 ], [ 75.8081124, 26.8734147 ] ] ] ] } },
{ "type": "Feature", "properties": { "osm_way_id": "964016133", "name": "UNIVESITY PARK", "leisure": "park" }, "geometry": { "type": "MultiPolygon", "coordinates": [ [ [ [ 75.8128935, 26.8819712 ], [ 75.8132398, 26.8821554 ], [ 75.8137197, 26.8820958 ], [ 75.8138716, 26.8817273 ], [ 75.8137865, 26.8813589 ], [ 75.8133916, 26.8812072 ], [ 75.8128388, 26.8813318 ], [ 75.8128935, 26.8819712 ] ] ] ] } },
{ "type": "Feature", "properties": { "osm_way_id": "970401813", "landuse": "grass" }, "geometry": { "type": "MultiPolygon", "coordinates": [ [ [ [ 75.7527836, 26.8299794 ], [ 75.7526998, 26.8298032 ], [ 75.752801, 26.8297648 ], [ 75.7527673, 26.8296941 ], [ 75.7528183, 26.8296748 ], [ 75.7527833, 26.829601 ], [ 75.7531235, 26.8294723 ], [ 75.7531467, 26.8295211 ], [ 75.7533514, 26.8294437 ], [ 75.7534873, 26.8297298 ], [ 75.7535403, 26.8297097 ], [ 75.7535932, 26.8298209 ], [ 75.7535507, 26.829837 ], [ 75.7535399, 26.8298143 ], [ 75.7532879, 26.8299098 ], [ 75.7533088, 26.8299539 ], [ 75.7532224, 26.8299867 ], [ 75.7531132, 26.8297573 ], [ 75.7529256, 26.8298284 ], [ 75.7529399, 26.8298585 ], [ 75.753078, 26.8298061 ], [ 75.7531943, 26.8300504 ], [ 75.7529112, 26.8301577 ], [ 75.7528198, 26.8299656 ], [ 75.7527836, 26.8299794 ] ] ] ] } },
{ "type": "Feature", "properties": { "osm_way_id": "975048413", "name": "colony garden", "leisure": "garden", "other_tags": "\"access\"=>\"permissive\",\"garden:type\"=>\"residential\",\"operator\"=>\"jda\",\"operator:type\"=>\"government\"" }, "geometry": { "type": "MultiPolygon", "coordinates": [ [ [ [ 75.7975155, 26.8864364 ], [ 75.7975062, 26.8861747 ], [ 75.797063, 26.8861079 ], [ 75.7970252, 26.8862965 ], [ 75.7975155, 26.8864364 ] ] ] ] } },
{ "type": "Feature", "properties": { "osm_way_id": "975054226", "landuse": "grass" }, "geometry": { "type": "MultiPolygon", "coordinates": [ [ [ [ 75.7996962, 26.8860382 ], [ 75.7987916, 26.8862552 ], [ 75.7988207, 26.8864425 ], [ 75.7988186, 26.886461 ], [ 75.7983619, 26.8865718 ], [ 75.7983459, 26.886686 ], [ 75.7982072, 26.8867296 ], [ 75.7983195, 26.8870341 ], [ 75.7983383, 26.8871658 ], [ 75.7984422, 26.8871677 ], [ 75.7985275, 26.8874199 ], [ 75.7985109, 26.8875775 ], [ 75.7986772, 26.887598 ], [ 75.7991534, 26.887457 ], [ 75.7999499, 26.8871695 ], [ 75.8000414, 26.8871473 ], [ 75.7999998, 26.8870842 ], [ 75.7999228, 26.8871139 ], [ 75.7998729, 26.8870174 ], [ 75.7999249, 26.8869915 ], [ 75.7998313, 26.8867114 ], [ 75.799875, 26.8867003 ], [ 75.7996962, 26.8860382 ] ] ] ] } },
{ "type": "Feature", "properties": { "osm_way_id": "975146949", "landuse": "grass" }, "geometry": { "type": "MultiPolygon", "coordinates": [ [ [ [ 75.7986332, 26.8876248 ], [ 75.7980058, 26.8881257 ], [ 75.7982753, 26.8871804 ], [ 75.7984135, 26.8872006 ], [ 75.7984973, 26.8874187 ], [ 75.7984792, 26.8876026 ], [ 75.7986332, 26.8876248 ] ] ] ] } },
{ "type": "Feature", "properties": { "osm_way_id": "975154134", "landuse": "grass" }, "geometry": { "type": "MultiPolygon", "coordinates": [ [ [ [ 75.7970459, 26.8879848 ], [ 75.7971244, 26.887733 ], [ 75.7963177, 26.8875331 ], [ 75.7962393, 26.8877847 ], [ 75.7970459, 26.8879848 ] ] ] ] } },
{ "type": "Feature", "properties": { "osm_way_id": "975154694", "landuse": "grass" }, "geometry": { "type": "MultiPolygon", "coordinates": [ [ [ [ 75.7981164, 26.8866579 ], [ 75.7981313, 26.8866634 ], [ 75.7982023, 26.8869073 ], [ 75.7979928, 26.8868901 ], [ 75.7981164, 26.8866579 ] ] ] ] } },
{ "type": "Feature", "properties": { "osm_way_id": "975162109", "name": "nerhru garden park", "leisure": "garden", "other_tags": "\"access\"=>\"permit\",\"garden:type\"=>\"public\"" }, "geometry": { "type": "MultiPolygon", "coordinates": [ [ [ [ 75.8019922, 26.8841135 ], [ 75.8021301, 26.8839464 ], [ 75.8018673, 26.8833608 ], [ 75.8015903, 26.8833976 ], [ 75.8016186, 26.8838412 ], [ 75.8017824, 26.8839758 ], [ 75.8019698, 26.8841177 ], [ 75.8019922, 26.8841135 ] ] ] ] } },
{ "type": "Feature", "properties": { "osm_way_id": "976739328", "leisure": "park" }, "geometry": { "type": "MultiPolygon", "coordinates": [ [ [ [ 75.7986478, 26.846527 ], [ 75.7987126, 26.8467131 ], [ 75.7982777, 26.8468389 ], [ 75.79821, 26.8466553 ], [ 75.7986478, 26.846527 ] ] ] ] } },
{ "type": "Feature", "properties": { "osm_way_id": "983520756", "leisure": "park" }, "geometry": { "type": "MultiPolygon", "coordinates": [ [ [ [ 75.8052697, 26.907892 ], [ 75.8053788, 26.9079377 ], [ 75.805497, 26.9079593 ], [ 75.8056175, 26.9079555 ], [ 75.8057337, 26.9079267 ], [ 75.805839, 26.9078744 ], [ 75.8059277, 26.9078015 ], [ 75.8059947, 26.9077121 ], [ 75.8060364, 26.9076112 ], [ 75.8060503, 26.9075044 ], [ 75.8060358, 26.9073976 ], [ 75.8059936, 26.9072969 ], [ 75.8059018, 26.9071844 ], [ 75.8057763, 26.9071019 ], [ 75.8056286, 26.9070571 ], [ 75.8054727, 26.9070541 ], [ 75.805323, 26.9070931 ], [ 75.8051936, 26.9071707 ], [ 75.8050964, 26.9072795 ], [ 75.8050406, 26.9074093 ], [ 75.8050313, 26.9075481 ], [ 75.8050694, 26.907683 ], [ 75.8051514, 26.9078013 ], [ 75.8052697, 26.907892 ] ] ] ] } },
{ "type": "Feature", "properties": { "osm_way_id": "983523531", "name": "statue circle park", "leisure": "park" }, "geometry": { "type": "MultiPolygon", "coordinates": [ [ [ [ 75.8048527, 26.9078979 ], [ 75.8049029, 26.9079748 ], [ 75.8049719, 26.9080406 ], [ 75.8050315, 26.9080867 ], [ 75.8051084, 26.9081315 ], [ 75.8051726, 26.908165 ], [ 75.8052416, 26.9081888 ], [ 75.8053263, 26.9082168 ], [ 75.8054173, 26.9082307 ], [ 75.8055114, 26.9082419 ], [ 75.8056055, 26.9082405 ], [ 75.805676, 26.9082307 ], [ 75.8057105, 26.908214 ], [ 75.8057184, 26.9081972 ], [ 75.8057262, 26.9081762 ], [ 75.8057294, 26.9081524 ], [ 75.8057199, 26.9081287 ], [ 75.8057105, 26.9081077 ], [ 75.805687, 26.9080797 ], [ 75.8056368, 26.9080881 ], [ 75.8055412, 26.9080951 ], [ 75.8054581, 26.9080895 ], [ 75.8053734, 26.9080727 ], [ 75.8052997, 26.9080531 ], [ 75.8052181, 26.9080224 ], [ 75.8051272, 26.9079678 ], [ 75.805055, 26.9079077 ], [ 75.8050143, 26.9078672 ], [ 75.8049954, 26.9078546 ], [ 75.8049751, 26.907856 ], [ 75.8049092, 26.907877 ], [ 75.8048527, 26.9078979 ] ] ] ] } },
{ "type": "Feature", "properties": { "osm_way_id": "983523532", "name": "statue circle park", "leisure": "park" }, "geometry": { "type": "MultiPolygon", "coordinates": [ [ [ [ 75.8051161, 26.9070486 ], [ 75.8051265, 26.9070254 ], [ 75.8051091, 26.9069836 ], [ 75.8049026, 26.9066075 ], [ 75.8047516, 26.9066895 ], [ 75.804677, 26.9067623 ], [ 75.804611, 26.9068366 ], [ 75.8045382, 26.9069433 ], [ 75.8044358, 26.9071229 ], [ 75.804408, 26.9072049 ], [ 75.8043663, 26.9073364 ], [ 75.8043542, 26.9074603 ], [ 75.8043559, 26.9075593 ], [ 75.8043611, 26.9076599 ], [ 75.8043715, 26.9077388 ], [ 75.8043785, 26.9078425 ], [ 75.8043785, 26.9078828 ], [ 75.8044861, 26.9078425 ], [ 75.8046197, 26.9077837 ], [ 75.8047239, 26.9077357 ], [ 75.8048124, 26.9076909 ], [ 75.8048679, 26.9076661 ], [ 75.8048905, 26.9076367 ], [ 75.8048887, 26.9075887 ], [ 75.8048766, 26.9074943 ], [ 75.8048731, 26.9074479 ], [ 75.8048905, 26.9073705 ], [ 75.8049287, 26.9072699 ], [ 75.804972, 26.9072111 ], [ 75.8049998, 26.9071616 ], [ 75.8050588, 26.9071043 ], [ 75.8051161, 26.9070486 ] ] ] ] } },
{ "type": "Feature", "properties": { "osm_way_id": "983523533", "name": "statue circle park", "leisure": "park" }, "geometry": { "type": "MultiPolygon", "coordinates": [ [ [ [ 75.8060129, 26.9081023 ], [ 75.805956, 26.907991 ], [ 75.8059602, 26.9079725 ], [ 75.8060337, 26.9079044 ], [ 75.806067, 26.9078747 ], [ 75.806128, 26.9077956 ], [ 75.8061599, 26.9077313 ], [ 75.806196, 26.9076237 ], [ 75.8062071, 26.907521 ], [ 75.8062057, 26.907385 ], [ 75.8062126, 26.9073343 ], [ 75.806257, 26.9073095 ], [ 75.8063319, 26.907286 ], [ 75.8063541, 26.9073306 ], [ 75.8063791, 26.9074196 ], [ 75.8063749, 26.9075383 ], [ 75.806361, 26.9076348 ], [ 75.8063347, 26.907761 ], [ 75.806275, 26.9078636 ], [ 75.8062182, 26.9079329 ], [ 75.8061766, 26.9079824 ], [ 75.8060975, 26.9080528 ], [ 75.8060559, 26.9080862 ], [ 75.8060254, 26.9081073 ], [ 75.8060129, 26.9081023 ] ] ] ] } },
{ "type": "Feature", "properties": { "osm_way_id": "1018539438", "landuse": "grass" }, "geometry": { "type": "MultiPolygon", "coordinates": [ [ [ [ 75.8106384, 26.9119867 ], [ 75.8107424, 26.9119466 ], [ 75.8105907, 26.9116403 ], [ 75.8109657, 26.9114667 ], [ 75.8107882, 26.9110711 ], [ 75.8102787, 26.9112319 ], [ 75.8106384, 26.9119867 ] ] ] ] } },
{ "type": "Feature", "properties": { "osm_way_id": "1037333615", "name": "Abhimanyu Park", "leisure": "park" }, "geometry": { "type": "MultiPolygon", "coordinates": [ [ [ [ 75.759239, 26.8598691 ], [ 75.759391, 26.859983 ], [ 75.7596558, 26.8597214 ], [ 75.7595417, 26.859624 ], [ 75.7596059, 26.8595567 ], [ 75.7596032, 26.8594586 ], [ 75.7595309, 26.8594077 ], [ 75.7596111, 26.8593238 ], [ 75.7594466, 26.8591784 ], [ 75.7595695, 26.8590731 ], [ 75.7594121, 26.8589553 ], [ 75.7595013, 26.8588583 ], [ 75.7592442, 26.8586627 ], [ 75.7591023, 26.8588085 ], [ 75.7591622, 26.8588619 ], [ 75.7590339, 26.8589958 ], [ 75.7590136, 26.8590682 ], [ 75.7590538, 26.8591405 ], [ 75.7591294, 26.8592242 ], [ 75.7590283, 26.8593418 ], [ 75.7594143, 26.8596587 ], [ 75.759239, 26.8598691 ] ] ] ] } },
{ "type": "Feature", "properties": { "osm_way_id": "1037363722", "name": "Shree Matsya Bhagwaan Mandir", "leisure": "park" }, "geometry": { "type": "MultiPolygon", "coordinates": [ [ [ [ 75.7595353, 26.8603666 ], [ 75.7596518, 26.8604589 ], [ 75.7598603, 26.8602377 ], [ 75.75954, 26.8599932 ], [ 75.7594585, 26.8600773 ], [ 75.7596589, 26.8602352 ], [ 75.7595353, 26.8603666 ] ] ] ] } },
{ "type": "Feature", "properties": { "osm_way_id": "1173050535", "name": "Gandhi Nagar Club Lawn", "landuse": "grass" }, "geometry": { "type": "MultiPolygon", "coordinates": [ [ [ [ 75.8066847, 26.8825835 ], [ 75.8065254, 26.8818255 ], [ 75.8071937, 26.8816361 ], [ 75.807415, 26.8825677 ], [ 75.8066847, 26.8825835 ] ] ] ] } },
{ "type": "Feature", "properties": { "osm_way_id": "1173466407", "name": "JDA Park", "leisure": "park" }, "geometry": { "type": "MultiPolygon", "coordinates": [ [ [ [ 75.7547411, 26.8804464 ], [ 75.7546629, 26.87996 ], [ 75.7546035, 26.8795903 ], [ 75.754599, 26.8795626 ], [ 75.7546136, 26.8795779 ], [ 75.755353, 26.8803549 ], [ 75.7547411, 26.8804464 ] ] ] ] } },
{ "type": "Feature", "properties": { "osm_way_id": "1173466408", "name": "Jaies Garden", "leisure": "park" }, "geometry": { "type": "MultiPolygon", "coordinates": [ [ [ [ 75.7514173, 26.8840465 ], [ 75.7514522, 26.8837547 ], [ 75.7522595, 26.8838408 ], [ 75.7522739, 26.8840289 ], [ 75.7522687, 26.8841965 ], [ 75.7514173, 26.8840465 ] ] ] ] } },
{ "type": "Feature", "properties": { "osm_way_id": "1173612239", "natural": "wood", "other_tags": "\"leaf_type\"=>\"mixed\"" }, "geometry": { "type": "MultiPolygon", "coordinates": [ [ [ [ 75.8466371, 26.8324582 ], [ 75.8462247, 26.8304925 ], [ 75.8477094, 26.8303367 ], [ 75.8479763, 26.8323629 ], [ 75.8466371, 26.8324582 ] ] ] ] } },
{ "type": "Feature", "properties": { "osm_way_id": "1173612240", "name": "Dolphin park", "leisure": "park" }, "geometry": { "type": "MultiPolygon", "coordinates": [ [ [ [ 75.8488268, 26.8316938 ], [ 75.8491609, 26.8316495 ], [ 75.8490555, 26.8309378 ], [ 75.8486995, 26.8309928 ], [ 75.8488268, 26.8316938 ] ] ] ] } },
{ "type": "Feature", "properties": { "osm_way_id": "1180113609", "leisure": "park" }, "geometry": { "type": "MultiPolygon", "coordinates": [ [ [ [ 75.7552899, 26.8820715 ], [ 75.7551932, 26.8811732 ], [ 75.755685, 26.8811382 ], [ 75.7553261, 26.8819861 ], [ 75.7552899, 26.8820715 ] ] ] ] } },
{ "type": "Feature", "properties": { "osm_way_id": "1180113704", "leisure": "park" }, "geometry": { "type": "MultiPolygon", "coordinates": [ [ [ [ 75.7526569, 26.8819295 ], [ 75.7522042, 26.8805664 ], [ 75.7525367, 26.8805279 ], [ 75.7526569, 26.8819295 ] ] ] ] } },
{ "type": "Feature", "properties": { "osm_way_id": "1180129920", "leisure": "park" }, "geometry": { "type": "MultiPolygon", "coordinates": [ [ [ [ 75.7648445, 26.9740959 ], [ 75.7643178, 26.9740929 ], [ 75.7643044, 26.97451 ], [ 75.7646063, 26.9745145 ], [ 75.7646114, 26.9743142 ], [ 75.7648311, 26.9743172 ], [ 75.7648445, 26.9740959 ] ] ] ] } },
{ "type": "Feature", "properties": { "osm_way_id": "1181148477", "leisure": "garden", "tourism": "attraction", "other_tags": "\"name:en\"=>\"Vidyadhar Garden\",\"opening_hours\"=>\"Mo-Su 08:00-17:00, 18:00-20:00\"" }, "geometry": { "type": "MultiPolygon", "coordinates": [ [ [ [ 75.8535465, 26.9002794 ], [ 75.8543478, 26.8993807 ], [ 75.853926, 26.8990816 ], [ 75.853035, 26.9000809 ], [ 75.853215, 26.9002085 ], [ 75.8533047, 26.9001079 ], [ 75.8535465, 26.9002794 ] ] ] ] } },
{ "type": "Feature", "properties": { "osm_way_id": "1181148478", "leisure": "garden" }, "geometry": { "type": "MultiPolygon", "coordinates": [ [ [ [ 75.855885, 26.8988242 ], [ 75.855838, 26.8983101 ], [ 75.8577144, 26.8981738 ], [ 75.8577614, 26.8986879 ], [ 75.855885, 26.8988242 ] ] ] ] } },
{ "type": "Feature", "properties": { "osm_way_id": "1181148479", "name": "Sisodia Rani Garden", "leisure": "garden" }, "geometry": { "type": "MultiPolygon", "coordinates": [ [ [ [ 75.8588942, 26.899508 ], [ 75.85882, 26.8991748 ], [ 75.858677, 26.8992001 ], [ 75.8586728, 26.8991811 ], [ 75.8586521, 26.899088 ], [ 75.8589588, 26.8990337 ], [ 75.8590123, 26.8990205 ], [ 75.8591222, 26.8990041 ], [ 75.8591069, 26.8989225 ], [ 75.85909, 26.8988561 ], [ 75.8599493, 26.898704 ], [ 75.8601313, 26.8995217 ], [ 75.8590671, 26.8997108 ], [ 75.8590493, 26.8996262 ], [ 75.8588023, 26.8996677 ], [ 75.8587921, 26.899633 ], [ 75.858778, 26.899636 ], [ 75.8587562, 26.8995324 ], [ 75.8588942, 26.899508 ] ] ] ] } },
{ "type": "Feature", "properties": { "osm_way_id": "1226129521", "landuse": "grass" }, "geometry": { "type": "MultiPolygon", "coordinates": [ [ [ [ 75.773605, 26.940247 ], [ 75.77358, 26.9402931 ], [ 75.7736067, 26.9403541 ], [ 75.7736618, 26.9403765 ], [ 75.7737169, 26.9403824 ], [ 75.773782, 26.9403675 ], [ 75.7738621, 26.9403288 ], [ 75.7739473, 26.9402991 ], [ 75.7740257, 26.9402633 ], [ 75.7740992, 26.940241 ], [ 75.773605, 26.940247 ] ] ] ] } },
{ "type": "Feature", "properties": { "osm_way_id": "1241746465", "landuse": "grass", "other_tags": "\"access\"=>\"private\",\"description\"=>\"Part of Hotel Ayra Niwas\"" }, "geometry": { "type": "MultiPolygon", "coordinates": [ [ [ [ 75.8042237, 26.9206643 ], [ 75.804257, 26.9207464 ], [ 75.8042287, 26.9207556 ], [ 75.8042409, 26.9207855 ], [ 75.8040679, 26.9208415 ], [ 75.8040224, 26.9207293 ], [ 75.8042237, 26.9206643 ] ] ] ] } },
{ "type": "Feature", "properties": { "osm_way_id": "1257726528", "name": "janjgir chaampa", "landuse": "forest" }, "geometry": { "type": "MultiPolygon", "coordinates": [ [ [ [ 75.8385633, 26.9787709 ], [ 75.8379897, 26.9781467 ], [ 75.8394245, 26.9776786 ], [ 75.8402644, 26.9788617 ], [ 75.8388492, 26.9786499 ], [ 75.8385633, 26.9787709 ] ] ] ] } },
{ "type": "Feature", "properties": { "osm_way_id": "1370954291", "name": "Narayan Puri Patk", "leisure": "park" }, "geometry": { "type": "MultiPolygon", "coordinates": [ [ [ [ 75.7412925, 26.952159 ], [ 75.7414106, 26.9525307 ], [ 75.7414919, 26.9525065 ], [ 75.7415106, 26.9525515 ], [ 75.7417451, 26.9524759 ], [ 75.7418008, 26.952416 ], [ 75.7419318, 26.9521104 ], [ 75.7412925, 26.952159 ] ] ] ] } },
{ "type": "Feature", "properties": { "osm_way_id": "1370954292", "name": "Bhagat Singh Park", "leisure": "park", "other_tags": "\"name:etymology:wikidata\"=>\"Q377808\"" }, "geometry": { "type": "MultiPolygon", "coordinates": [ [ [ [ 75.7418668, 26.9523989 ], [ 75.7419736, 26.9521154 ], [ 75.7425833, 26.952045 ], [ 75.7426106, 26.9521723 ], [ 75.7418668, 26.9523989 ] ] ] ] } },
{ "type": "Feature", "properties": { "osm_way_id": "1424547994", "name": "Landscape", "leisure": "park", "other_tags": "\"addr:city\"=>\"Jaipur\",\"addr:district\"=>\"jaipur\",\"addr:postcode\"=>\"302020\",\"addr:street\"=>\"Shipra Path\"" }, "geometry": { "type": "MultiPolygon", "coordinates": [ [ [ [ 75.7745641, 26.8640806 ], [ 75.7742289, 26.8597346 ], [ 75.7734545, 26.859695 ], [ 75.7739719, 26.8641105 ], [ 75.7742418, 26.8640925 ], [ 75.7745641, 26.8640806 ] ] ] ] } },
{ "type": "Feature", "properties": { "osm_way_id": "1426451615", "name": "PlayZone Playground", "leisure": "park" }, "geometry": { "type": "MultiPolygon", "coordinates": [ [ [ [ 75.7308704, 26.8365407 ], [ 75.7306236, 26.8358711 ], [ 75.7310124, 26.8357202 ], [ 75.7312828, 26.8364382 ], [ 75.7308704, 26.8365407 ] ] ] ] } },
{ "type": "Feature", "properties": { "osm_way_id": "1434523046", "name": "Bike Park", "leisure": "park" }, "geometry": { "type": "MultiPolygon", "coordinates": [ [ [ [ 75.7347027, 26.9077077 ], [ 75.7354968, 26.9077201 ], [ 75.7355468, 26.9060227 ], [ 75.734738, 26.9059825 ], [ 75.7347027, 26.9077077 ] ] ] ] } },
{ "type": "Feature", "properties": { "osm_way_id": "1454077320", "name": "Dol Ka Badh", "natural": "wood" }, "geometry": { "type": "MultiPolygon", "coordinates": [ [ [ [ 75.7856655, 26.8327448 ], [ 75.7871568, 26.8325534 ], [ 75.788219, 26.8321896 ], [ 75.7893562, 26.8323236 ], [ 75.7903969, 26.8321608 ], [ 75.7906008, 26.8324768 ], [ 75.7917166, 26.8322183 ], [ 75.7919097, 26.8318449 ], [ 75.792489, 26.8316726 ], [ 75.7934654, 26.8317588 ], [ 75.7938945, 26.8304088 ], [ 75.7939589, 26.8297578 ], [ 75.7926393, 26.8296429 ], [ 75.7922476, 26.8293701 ], [ 75.7914913, 26.8294467 ], [ 75.7903862, 26.8292217 ], [ 75.7900482, 26.8291259 ], [ 75.79, 26.8285802 ], [ 75.7899302, 26.8282356 ], [ 75.789383, 26.8281829 ], [ 75.7891899, 26.8278382 ], [ 75.789147, 26.8266223 ], [ 75.789206, 26.8261101 ], [ 75.7891148, 26.8259713 ], [ 75.788793, 26.8262394 ], [ 75.7886159, 26.8265362 ], [ 75.7887018, 26.8269766 ], [ 75.7872963, 26.8275702 ], [ 75.7870281, 26.8280345 ], [ 75.7866311, 26.8281877 ], [ 75.7860839, 26.8291259 ], [ 75.7865989, 26.8308445 ], [ 75.7857352, 26.8314524 ], [ 75.7856655, 26.8327448 ] ] ] ] } },
{ "type": "Feature", "properties": { "osm_way_id": "1544049628", "name": "Chandra Shekar Azad Park", "leisure": "park", "other_tags": "\"access\"=>\"yes\",\"addr:city\"=>\"jaipur\",\"addr:district\"=>\"Jaipur\",\"addr:housenumber\"=>\"VRVH+C2V\",\"addr:postcode\"=>\"302004\",\"addr:street\"=>\"raja park\",\"opening_hours\"=>\"24/7\"" }, "geometry": { "type": "MultiPolygon", "coordinates": [ [ [ [ 75.8274736, 26.8943201 ], [ 75.8284491, 26.8940149 ], [ 75.8279894, 26.8928097 ], [ 75.827008, 26.8931129 ], [ 75.8274736, 26.8943201 ] ] ] ] } }
]
}
